doc_id,word_id
0,0
0,1
0,2
0,3
0,4
0,5
0,6
0,7
0,8
0,9
0,10
0,11
0,12
1,1
1,13
1,14
1,15
1,1
1,16
1,16
1,17
1,1
1,12
1,18
1,19
1,20
1,6
1,21
1,22
1,23
1,24
1,25
2,0
2,26
2,27
2,28
2,29
2,1
2,30
2,1
2,31
2,32
2,30
2,1
2,28
2,29
2,33
2,1
2,34
2,6
2,33
2,4
2,35
2,36
2,37
2,1
2,38
2,1
2,39
2,25
2,40
2,41
2,42
2,43
2,44
2,45
2,46
2,32
2,47
2,48
2,49
2,50
2,48
2,51
2,52
2,53
3,54
3,55
3,56
3,57
3,58
3,32
3,22
3,59
3,1
3,6
3,60
3,61
3,62
3,63
3,64
3,52
4,50
4,22
4,1
4,65
4,66
4,60
4,62
4,61
4,67
4,63
5,68
5,6
5,69
6,70
6,71
6,72
6,37
6,1
6,73
6,6
6,74
6,75
6,6
6,76
6,77
6,78
7,79
7,71
7,72
7,1
7,6
7,19
7,80
7,81
7,82
8,83
8,79
8,1
8,84
8,72
8,1
8,85
8,86
8,6
9,84
9,59
9,87
9,88
9,89
9,90
9,76
9,91
9,59
9,6
10,92
10,71
10,93
10,17
10,1
10,94
10,95
10,96
10,97
10,67
10,6
10,98
10,99
10,30
10,90
10,100
10,48
10,101
10,50
10,59
10,8
10,102
10,103
11,72
11,79
11,1
11,104
11,105
11,37
11,106
11,67
11,107
11,108
11,6
11,103
11,109
11,110
11,78
11,106
11,1
11,50
12,111
12,10
12,112
12,6
12,113
12,7
12,114
13,115
13,8
13,37
13,100
13,115
13,6
13,22
13,12
13,116
13,45
13,117
13,62
13,81
13,118
13,119
13,100
13,48
13,8
13,24
13,51
13,53
13,120
14,47
14,1
14,105
14,1
14,121
14,122
14,6
14,123
15,3
15,40
15,67
15,124
15,125
15,126
15,127
15,40
15,128
15,67
15,129
15,130
15,131
15,8
15,132
15,133
15,8
15,19
15,6
16,134
16,11
16,135
16,45
16,66
16,79
16,135
16,135
16,134
16,136
16,137
16,138
17,139
17,140
17,94
17,141
17,6
17,24
17,142
18,143
18,144
18,141
18,67
18,19
18,94
18,140
18,84
18,32
18,14
18,141
18,12
18,59
18,6
19,1
19,22
19,145
19,146
19,12
19,73
19,82
19,6
19,98
19,107
20,147
20,6
20,98
20,132
20,75
20,61
20,34
20,6
21,35
21,148
21,149
21,1
21,66
21,150
21,31
21,151
21,56
21,40
21,40
21,79
21,65
21,16
21,60
21,25
21,1
21,146
22,73
22,152
22,1
22,66
22,24
22,153
23,40
23,154
23,155
23,1
23,156
23,132
23,157
23,141
23,155
23,6
23,136
23,137
23,138
23,56
23,158
24,159
24,59
24,6
24,19
24,160
24,78
25,73
25,6
25,134
25,75
25,145
25,61
25,6
26,126
26,161
26,125
26,162
26,147
26,6
26,98
26,132
26,52
26,109
26,68
26,62
26,61
26,67
26,75
26,135
26,81
26,63
26,163
27,1
27,22
27,164
27,1
27,12
27,19
27,22
27,1
27,146
27,66
27,145
27,1
27,107
27,148
27,6
28,165
28,162
28,166
28,37
28,1
28,91
28,117
28,162
28,167
28,168
28,6
29,169
29,170
29,24
29,90
29,115
29,150
29,90
29,171
29,28
29,72
29,1
29,66
29,5
30,164
30,172
30,173
30,174
30,6
30,98
30,73
30,74
30,19
30,172
30,67
30,8
31,84
31,72
31,108
31,1
31,6
31,78
31,141
31,8
31,175
31,146
31,145
31,12
31,63
31,56
31,60
31,176
31,24
31,177
32,1
32,166
32,178
32,6
32,179
33,56
33,25
33,79
33,180
33,181
33,139
33,32
33,70
33,71
33,40
33,75
33,132
33,11
33,12
33,76
33,25
33,1
33,101
33,182
33,32
33,6
33,101
33,32
34,73
34,59
34,6
34,183
34,115
34,184
34,18
34,69
34,45
34,102
34,154
34,146
34,25
35,68
35,8
35,59
35,6
35,185
35,94
35,132
35,79
35,7
35,186
36,54
36,187
36,84
36,72
36,1
36,65
36,6
36,150
36,59
36,24
36,25
36,188
36,40
36,34
36,6
37,88
37,59
37,1
37,24
37,129
37,88
37,37
37,91
37,8
37,141
37,189
37,190
37,37
37,6
37,191
38,192
38,193
38,194
38,6
38,195
38,1
38,87
38,59
38,6
38,195
38,1
38,87
38,196
38,197
38,1
39,1
39,198
39,199
39,185
39,172
39,59
39,66
39,191
39,200
39,31
39,66
39,79
39,7
39,73
39,66
39,24
40,1
40,66
40,201
40,91
40,22
40,202
40,6
40,91
40,135
40,62
40,141
40,19
40,141
40,8
40,18
40,45
40,45
40,88
40,203
40,146
40,141
40,8
41,1
41,172
41,68
41,204
41,8
41,205
41,52
41,53
41,204
41,8
41,206
41,181
41,28
41,205
41,52
41,50
41,1
41,172
41,183
41,207
41,28
41,189
41,6
41,208
41,8
42,209
42,6
42,210
42,211
42,67
42,56
43,72
43,79
43,6
43,1
43,187
43,20
43,24
43,25
43,47
43,172
43,212
43,6
43,98
43,84
43,82
43,150
43,6
43,72
43,79
43,1
43,1
43,213
43,214
44,209
44,205
44,101
44,20
44,6
44,24
45,212
45,215
45,132
45,141
45,37
45,6
45,113
45,216
45,11
45,81
45,141
45,217
45,150
45,6
46,218
46,55
46,159
46,86
46,6
46,19
46,160
47,31
47,219
47,220
47,134
47,221
47,5
47,2
47,1
47,6
47,31
47,222
47,223
47,25
47,24
47,143
47,88
47,224
47,225
48,1
48,93
48,100
48,118
48,73
48,199
48,40
48,100
48,48
48,93
48,1
48,147
48,6
48,98
49,226
49,37
49,100
49,48
49,88
49,66
49,125
49,76
49,227
49,24
49,37
49,8
50,68
50,1
50,65
50,25
50,146
50,13
50,228
50,150
50,6
50,91
50,20
50,24
50,150
50,6
50,229
50,157
50,230
51,24
51,17
51,231
51,232
51,97
51,172
51,141
51,232
51,6
52,125
52,22
52,1
52,6
52,75
52,67
52,101
52,63
52,12
52,24
52,6
53,233
53,141
53,6
53,37
53,234
53,1
53,146
53,6
53,214
53,235
53,236
53,37
53,59
53,6
54,56
54,173
54,1
54,6
54,75
55,40
55,61
55,59
55,6
55,65
55,237
55,238
55,52
55,171
56,1
56,214
56,4
56,239
56,240
56,49
56,78
56,1
56,241
56,242
56,10
56,243
56,67
56,231
56,244
56,245
56,237
56,84
56,5
56,98
56,67
56,6
57,168
57,205
57,246
57,212
57,150
57,6
57,212
57,18
57,69
57,247
57,248
58,101
58,6
58,61
59,8
59,79
59,1
59,7
59,109
59,6
59,172
59,53
59,24
59,248
59,200
60,212
60,235
60,67
60,247
60,6
60,248
60,25
60,193
60,1
60,249
60,172
60,250
60,6
60,19
61,251
61,91
61,100
61,251
61,91
61,182
61,252
61,100
61,253
61,44
61,168
61,45
61,44
61,10
61,6
62,254
62,73
62,255
62,1
62,256
62,67
62,257
62,67
62,258
62,63
62,82
62,6
62,1
62,107
62,19
63,55
63,84
63,32
63,47
63,205
63,101
63,8
63,55
63,56
63,205
63,199
64,55
64,47
64,25
64,101
64,259
64,172
64,56
64,24
64,171
64,80
64,94
65,229
65,172
65,1
65,189
65,84
65,32
65,40
65,1
65,229
65,260
65,205
65,25
65,261
65,78
65,67
65,171
65,134
65,1
65,146
65,112
65,168
65,171
65,1
66,193
66,68
66,262
66,263
66,100
66,264
66,146
66,265
66,24
66,111
66,32
66,37
66,8
66,78
66,266
66,100
66,47
66,262
66,101
66,203
66,1
66,146
66,102
66,267
66,268
66,69
66,91
66,134
66,1
66,189
66,80
66,67
66,63
67,67
67,269
67,162
67,55
67,182
67,32
67,73
67,36
67,186
67,270
67,271
67,93
67,67
67,226
67,37
67,36
67,44
67,272
67,76
67,273
67,274
67,275
67,171
67,72
67,79
67,1
67,20
67,179
67,267
67,240
67,276
67,67
67,269
67,162
67,187
67,36
67,277
67,268
67,67
67,278
67,256
67,205
67,25
67,279
67,37
67,67
67,174
68,162
68,187
68,182
68,32
68,216
68,8
68,205
68,280
68,56
68,205
68,32
68,281
68,282
68,187
68,8
68,164
68,172
68,187
68,283
68,284
68,285
68,39
69,23
69,24
69,279
69,205
69,182
69,1
69,101
69,279
70,40
70,286
70,50
70,287
70,26
70,288
70,73
70,59
70,1
70,150
70,25
70,205
71,1
71,146
71,289
71,266
71,6
71,146
71,290
71,99
71,24
71,1
71,291
71,25
71,146
71,291
71,58
71,1
71,146
71,73
71,292
71,15
71,72
71,79
71,6
71,79
71,146
71,78
71,59
71,1
71,92
71,293
72,25
72,0
72,283
72,78
72,25
72,1
72,146
72,294
73,203
73,78
73,295
73,295
73,1
73,107
73,295
73,1
74,221
74,73
74,255
74,101
74,296
74,292
75,100
75,48
75,37
75,1
75,146
75,297
75,71
75,72
75,79
75,1
76,1
76,105
76,55
76,56
76,8
76,279
76,259
76,254
76,298
76,63
76,197
77,72
77,6
77,37
77,186
77,1
77,233
77,125
77,100
77,187
78,121
78,288
78,1
78,121
78,197
78,1
78,199
78,299
78,164
78,117
78,71
78,67
78,37
78,126
78,279
78,121
78,126
78,300
78,67
79,301
79,1
79,255
79,78
79,141
79,302
79,58
79,103
79,108
79,303
79,7
79,162
79,277
79,210
79,1
79,103
79,139
79,108
79,79
79,7
79,302
79,301
79,107
79,233
79,210
79,108
79,10
79,49
79,304
79,1
80,297
80,305
80,37
80,90
80,202
80,31
80,306
80,145
80,202
80,67
81,47
81,101
81,20
81,307
81,56
81,153
82,95
82,36
82,56
82,17
82,182
82,32
82,151
82,67
82,73
82,109
82,67
82,73
82,25
82,1
82,146
82,308
82,76
82,212
82,101
82,20
82,189
82,309
82,107
83,1
83,146
83,73
83,255
83,56
83,25
83,310
83,173
84,72
84,1
84,17
84,78
84,311
84,24
85,72
85,79
85,1
85,205
85,193
85,1
85,78
85,79
85,8
85,79
85,1
85,104
85,312
86,69
86,82
86,199
86,313
86,82
86,75
86,6
86,37
86,314
87,166
87,182
87,32
87,73
87,307
87,315
87,32
87,280
87,204
87,8
87,307
87,171
87,307
88,305
88,273
88,316
88,274
88,192
88,116
88,305
88,230
88,317
88,230
88,141
88,318
88,28
88,305
88,319
88,217
88,28
88,55
88,56
88,149
89,320
89,305
89,166
89,132
89,321
89,33
89,166
89,322
89,320
89,55
89,56
90,305
90,305
90,20
90,314
90,277
90,314
90,305
90,28
90,166
90,286
90,21
91,305
91,323
91,274
91,55
91,112
91,323
91,32
91,305
92,113
92,305
92,283
92,165
92,31
92,113
92,181
92,113
92,26
92,32
92,233
92,324
92,223
92,95
92,292
92,325
92,132
92,209
92,305
92,326
92,283
92,297
93,23
93,327
93,328
93,322
93,329
94,238
94,330
94,305
94,331
94,238
94,330
94,305
94,332
94,275
94,108
94,83
94,275
94,138
94,332
94,127
95,318
95,305
95,333
95,305
95,142
95,221
95,248
95,94
95,318
95,76
95,56
95,334
95,32
95,318
95,32
95,56
95,53
95,280
95,132
95,215
95,51
95,335
95,53
95,95
95,335
95,336
95,56
95,333
96,218
96,305
96,337
96,338
96,186
97,193
97,162
97,296
97,305
97,339
97,255
97,203
97,340
97,287
98,162
98,199
98,341
98,143
98,187
98,255
98,84
98,342
98,50
98,305
98,285
98,230
98,305
98,343
98,83
98,305
98,168
98,285
98,80
98,133
99,204
99,8
99,305
99,0
99,71
99,344
99,249
99,305
99,76
99,8
99,18
99,305
99,20
99,345
99,345
99,346
100,274
100,305
100,20
100,347
100,348
100,349
100,350
100,348
100,349
100,164
100,131
100,349
100,257
100,351
100,178
100,349
100,257
100,181
100,305
100,347
100,348
100,352
100,108
100,353
100,354
100,67
100,174
100,54
100,174
101,355
101,305
101,356
101,163
101,357
101,300
101,71
101,358
101,355
102,359
102,305
102,56
102,345
103,37
103,193
103,263
103,327
103,305
103,360
103,355
103,305
103,76
103,305
104,200
104,336
104,283
104,305
104,200
105,305
105,166
105,337
105,56
105,96
105,159
105,113
105,361
105,175
105,192
105,17
105,84
105,37
106,355
106,305
106,228
106,35
106,362
106,177
106,145
106,105
107,186
107,259
107,305
107,37
107,347
107,103
107,166
107,0
107,56
107,56
107,363
107,204
107,8
107,166
107,364
108,164
108,11
108,305
108,37
108,227
108,305
108,229
108,143
108,365
108,222
108,222
108,144
109,193
109,263
109,327
109,305
109,260
109,17
109,204
109,8
109,366
109,318
110,367
110,17
110,305
111,79
111,17
111,305
111,202
111,368
111,368
111,103
112,162
112,305
112,56
112,278
113,369
113,218
113,305
113,56
113,143
113,88
113,337
113,338
114,143
114,144
114,305
114,370
114,319
114,371
114,56
114,8
114,371
114,280
115,143
115,144
115,305
115,370
115,372
115,307
115,371
115,56
115,8
115,371
115,280
116,373
116,56
116,146
116,305
116,305
116,373
116,366
116,374
116,146
116,305
116,42
116,305
116,56
117,301
117,305
117,56
117,25
117,84
117,375
117,146
117,311
117,25
118,305
118,204
118,8
118,17
118,32
118,159
118,8
118,97
118,307
118,376
118,171
118,318
119,37
119,305
119,20
119,143
119,88
119,47
119,351
119,47
119,342
119,132
119,353
119,125
119,377
119,40
119,125
120,37
120,305
121,88
121,230
121,305
121,378
121,34
121,305
121,56
121,88
121,379
121,377
121,207
121,253
121,356
122,358
122,56
122,143
122,88
122,76
122,190
122,289
123,305
123,202
123,177
123,353
123,380
123,20
123,148
123,147
124,132
124,230
124,305
124,131
124,29
124,237
124,161
125,196
125,305
125,381
125,382
125,383
125,384
125,221
126,297
126,88
126,305
126,308
126,385
126,117
126,184
126,103
126,88
127,297
127,305
127,56
127,177
127,148
128,297
128,177
128,305
128,134
128,386
128,117
128,351
128,178
128,148
128,181
128,20
128,318
129,331
129,305
130,274
130,55
130,212
130,32
130,387
130,8
130,388
130,389
130,196
130,388
130,305
130,283
130,92
130,297
131,297
131,88
131,305
131,337
131,121
131,338
131,390
131,351
131,108
131,184
131,167
131,117
132,178
132,6
132,67
132,391
132,353
132,350
132,35
132,132
132,319
132,202
132,86
132,1
132,107
132,37
132,169
132,318
132,77
133,272
133,20
133,56
133,143
133,88
133,207
133,88
133,32
133,40
133,139
133,184
134,143
134,392
134,8
134,31
134,181
135,102
135,393
135,322
135,147
135,202
135,394
135,394
135,133
135,394
136,131
136,40
136,131
136,83
137,56
137,196
137,327
137,187
137,82
137,82
138,203
138,177
138,135
138,379
138,162
138,272
138,37
138,355
139,184
139,305
139,387
139,175
139,28
139,395
139,305
139,396
139,273
139,156
139,103
139,85
139,5
140,40
140,267
140,305
140,397
140,166
140,269
140,143
140,88
140,199
141,143
141,144
141,370
141,372
141,371
141,56
141,8
141,371
141,280
142,40
142,305
142,398
142,340
142,298
143,196
143,305
143,20
143,143
143,88
143,351
143,178
143,399
144,355
144,47
144,56
144,88
144,400
144,40
145,78
145,358
145,8
145,18
145,305
145,295
145,65
145,63
145,310
145,8
145,56
145,224
145,25
146,262
146,162
146,68
146,389
146,166
146,305
147,218
147,305
147,143
147,88
147,305
147,40
147,234
147,125
147,88
148,88
148,398
148,119
148,401
148,305
148,402
148,314
149,40
149,399
149,88
149,92
149,305
149,290
149,88
149,399
150,276
150,305
150,88
150,91
150,403
150,340
150,387
150,278
150,321
150,340
151,143
151,88
151,276
151,305
151,404
152,199
152,47
152,146
152,380
152,56
152,146
152,25
152,146
153,305
154,28
154,162
154,276
154,143
154,73
154,146
154,267
154,73
154,267
154,405
154,88
154,12
154,94
154,73
154,267
154,406
154,305
155,305
155,148
155,407
155,25
155,146
155,408
155,319
155,115
155,283
155,141
155,146
156,26
156,409
156,39
156,212
156,410
156,184
156,15
156,267
156,152
156,411
157,56
157,176
157,117
157,73
157,337
157,29
157,73
157,412
157,356
157,413
157,290
157,356
157,115
157,117
157,313
157,261
157,40
157,356
157,117
158,314
158,269
158,162
158,55
158,212
158,32
158,88
158,244
158,314
158,258
158,172
158,104
158,184
158,32
158,115
158,88
158,102
158,219
159,274
159,55
159,212
159,414
159,184
159,199
159,405
159,60
159,414
159,88
159,173
159,296
159,296
159,409
159,415
159,414
159,416
159,73
159,404
159,414
159,414
159,403
159,55
159,56
159,143
159,88
159,54
160,55
160,182
160,126
160,22
160,278
160,56
160,278
160,164
160,88
160,56
160,417
160,88
160,341
161,88
161,263
161,88
161,418
161,47
161,88
161,88
161,88
161,47
161,60
161,88
161,45
161,88
161,88
161,405
161,88
162,390
162,197
162,88
162,28
162,419
162,420
162,197
162,418
162,55
162,32
162,183
162,73
162,418
162,390
162,171
162,126
162,22
162,421
162,418
162,153
162,79
162,418
162,76
162,56
162,55
162,88
163,162
163,55
163,381
163,32
163,196
163,88
163,79
163,419
163,364
163,103
163,76
163,22
163,422
163,55
163,423
163,73
163,184
163,29
163,22
163,419
163,422
163,32
164,88
165,56
165,278
165,143
165,88
165,212
165,88
165,73
165,424
165,32
165,73
165,109
165,28
165,184
165,405
165,161
165,170
165,56
165,73
166,298
166,172
166,88
166,50
166,88
166,309
167,88
167,91
167,88
167,164
167,23
167,79
167,180
167,181
168,425
168,278
168,248
168,88
168,283
169,120
169,88
169,184
169,135
169,115
169,168
169,426
169,11
169,177
169,17
169,51
169,34
170,188
170,143
170,88
170,164
170,364
170,32
170,88
170,175
170,427
171,196
171,88
171,278
171,319
171,56
172,88
172,56
172,143
172,278
172,428
172,371
173,92
173,71
173,250
173,30
173,429
173,162
173,274
173,88
174,196
174,88
174,167
174,103
174,305
174,32
174,30
174,103
174,430
174,431
174,307
175,88
175,91
175,184
175,364
175,88
175,60
175,45
175,184
176,88
176,390
176,56
176,143
176,278
176,383
176,267
176,428
177,88
177,88
177,244
177,432
178,88
178,164
178,27
178,32
178,302
178,103
178,31
178,181
178,164
178,56
178,143
178,88
179,143
179,88
179,433
179,248
179,17
179,97
179,434
179,87
179,228
179,88
179,118
180,143
180,88
180,115
180,88
180,356
180,28
180,435
180,16
180,417
181,371
181,88
181,278
181,428
181,284
182,371
182,88
182,278
182,79
182,180
182,186
182,428
182,284
183,88
183,436
183,302
183,437
184,438
184,56
184,278
184,287
184,88
185,439
185,387
185,227
185,340
185,88
185,311
186,88
186,47
186,10
186,340
186,340
186,312
186,105
186,302
186,119
186,401
186,233
186,125
187,196
187,88
188,103
188,56
188,143
188,88
188,91
188,88
188,377
188,117
188,125
188,103
188,125
188,29
189,266
189,85
189,79
189,68
189,13
189,88
189,440
190,224
190,40
190,441
190,233
190,125
190,387
190,82
190,73
190,88
190,283
190,408
190,427
190,142
191,88
191,427
191,442
192,40
192,193
192,88
192,182
192,47
192,329
192,88
192,286
192,334
192,238
192,443
192,40
192,193
192,88
192,326
192,242
192,56
192,329
192,88
192,444
192,286
192,56
192,143
192,88
192,192
193,154
193,302
193,445
193,196
193,88
193,32
193,81
193,172
194,88
194,240
194,446
194,220
194,115
194,52
195,88
195,53
195,32
195,182
195,447
195,342
195,364
195,120
195,448
195,77
196,97
196,449
196,88
196,97
197,103
197,281
197,292
197,274
197,187
197,328
197,47
197,414
197,60
197,450
197,88
197,414
197,184
197,451
197,32
197,260
197,90
197,265
198,193
198,263
198,292
198,115
198,50
198,278
198,202
198,399
198,71
198,47
198,88
198,452
198,29
198,375
198,453
198,213
198,56
198,454
198,285
198,132
198,108
198,451
198,88
198,384
198,50
198,88
199,68
199,455
199,278
199,88
199,91
199,456
199,457
199,269
200,88
200,56
200,91
200,17
200,363
200,25
200,177
200,458
200,45
200,348
200,143
200,88
201,88
201,56
201,91
201,17
201,363
201,25
201,177
201,458
201,45
201,348
201,88
202,88
202,56
202,91
202,17
202,363
202,25
202,177
202,458
202,45
202,348
202,143
202,377
202,272
203,182
203,32
203,202
203,57
203,457
203,115
203,457
203,395
204,182
204,32
204,147
204,244
204,410
204,74
204,88
204,410
204,161
204,245
204,395
205,164
205,417
205,88
205,280
205,459
205,262
205,450
205,394
205,262
205,341
205,56
205,157
205,397
205,194
206,262
206,143
206,88
206,431
206,398
206,166
206,161
206,418
206,106
206,239
206,419
206,190
206,418
206,400
206,79
206,305
206,16
206,16
207,196
207,88
207,318
207,457
207,454
207,285
207,337
207,56
207,143
207,88
208,88
208,103
208,460
208,268
208,378
208,83
208,268
209,88
209,91
209,11
209,97
209,34
209,103
209,460
209,364
209,103
210,162
210,88
210,84
210,32
210,242
210,40
210,22
210,171
210,254
210,48
211,22
211,347
211,181
211,248
211,17
211,88
211,359
211,48
211,189
211,433
211,248
211,32
211,97
212,143
212,88
212,83
212,97
212,122
212,97
212,245
212,88
212,400
212,408
212,97
212,237
213,143
213,88
213,79
213,143
213,199
213,223
213,176
213,256
213,394
213,126
213,176
213,244
213,454
213,285
213,437
213,164
213,174
214,196
214,88
214,91
215,196
215,88
215,91
215,123
216,121
216,143
216,88
216,17
216,84
216,40
216,267
216,13
216,267
217,447
217,88
217,125
217,29
217,350
217,131
217,47
217,132
217,367
217,52
217,88
218,47
218,88
218,50
218,90
219,182
219,32
219,147
219,244
219,410
219,74
219,88
219,410
219,161
219,245
219,454
219,285
220,196
220,88
221,196
221,88
221,182
221,314
221,461
221,442
221,319
221,122
221,462
221,32
221,147
221,115
221,186
221,461
222,260
222,88
222,390
222,463
222,464
223,88
223,465
223,390
224,88
224,465
224,432
225,132
225,88
225,22
225,59
225,134
225,88
225,132
225,22
226,132
226,59
226,88
226,165
226,164
226,236
227,196
227,88
227,168
227,466
227,168
227,399
227,122
227,52
228,263
228,382
228,182
228,115
228,22
228,12
228,88
228,341
228,56
228,143
228,88
228,327
229,347
229,467
229,457
229,88
230,468
230,88
231,40
231,397
231,314
231,20
231,158
231,168
231,184
232,50
232,118
232,267
232,17
232,469
232,187
232,188
232,17
232,143
232,88
232,176
232,412
233,330
233,270
233,470
233,212
233,126
233,289
233,349
233,334
233,428
233,56
233,423
234,95
234,222
234,199
234,72
234,471
234,81
234,267
234,405
234,199
234,364
234,103
234,40
234,124
234,240
235,88
235,192
235,196
235,88
236,118
236,347
236,467
236,73
236,255
236,56
236,143
236,20
236,143
236,88
236,139
236,451
236,199
236,40
236,436
237,212
237,79
237,71
237,73
237,125
237,103
237,260
237,143
237,88
237,177
237,17
238,40
238,88
238,472
238,473
238,269
238,40
238,250
238,474
238,473
238,314
238,283
238,44
238,13
238,40
238,464
239,145
239,50
239,125
239,117
239,145
239,117
239,118
239,90
239,50
239,53
239,155
239,199
240,134
240,385
240,235
240,236
240,13
240,104
240,400
240,134
240,475
240,168
240,134
240,142
240,133
240,91
240,90
240,184
240,84
240,349
240,135
240,168
240,134
241,92
241,88
241,292
241,262
241,452
241,88
241,103
242,88
242,386
242,464
242,182
242,151
242,116
242,433
242,45
243,88
243,161
243,170
243,378
243,464
243,303
243,233
243,38
243,278
244,327
244,305
244,341
244,143
244,88
244,327
244,447
245,243
245,199
245,184
245,50
245,184
245,275
245,294
245,71
245,261
246,143
246,88
246,91
246,105
246,105
246,45
246,278
246,284
246,12
247,40
247,399
247,88
247,318
247,161
247,37
247,57
247,181
247,26
247,338
248,459
248,418
248,283
248,138
248,343
248,44
248,322
248,138
248,476
248,322
248,138
248,343
248,28
248,477
248,199
248,459
248,212
248,60
248,259
248,415
248,278
248,215
249,285
249,182
249,32
249,9
249,285
249,357
249,478
249,138
249,56
249,26
249,111
250,479
250,284
250,480
250,56
250,187
250,481
250,343
250,138
250,206
250,76
250,60
250,10
250,482
250,231
250,346
251,56
251,345
251,281
251,95
251,96
251,334
251,32
251,283
251,193
251,320
251,56
251,483
251,138
251,290
251,138
251,320
251,230
251,351
251,343
251,217
251,483
251,138
251,402
251,110
252,126
252,484
252,138
252,441
252,138
252,92
252,138
252,343
252,485
252,486
252,483
252,138
252,486
252,126
252,459
252,466
252,126
252,138
252,487
252,242
252,488
252,126
252,206
252,56
252,489
252,126
252,280
252,459
253,139
253,440
253,231
253,16
253,200
253,490
253,214
253,357
253,266
253,199
253,126
253,345
253,491
253,22
253,138
253,343
254,383
254,483
254,138
254,409
254,282
254,492
254,350
254,80
254,81
254,493
254,466
254,274
254,115
254,7
254,398
254,275
255,182
255,342
255,126
255,176
255,206
255,56
255,138
255,479
255,80
255,281
255,160
255,78
255,4
255,251
255,447
256,301
256,199
256,266
256,488
256,138
256,206
257,263
257,138
257,199
257,182
257,447
257,53
257,280
257,138
257,206
257,494
257,51
257,264
257,495
257,53
257,343
257,478
257,495
258,32
258,343
258,138
258,206
258,494
258,181
258,181
258,55
258,343
258,52
258,99
258,343
258,76
258,212
258,358
258,433
259,162
259,138
259,182
259,32
259,47
259,496
259,248
259,162
259,138
259,147
259,496
259,496
259,489
259,206
260,263
260,15
260,55
260,46
260,248
260,138
260,497
260,320
260,496
260,200
260,378
260,498
260,15
260,138
260,497
260,15
260,499
260,181
260,32
260,500
260,320
260,403
260,181
260,85
260,499
260,32
260,282
260,16
260,497
260,32
260,501
260,85
260,14
260,479
260,251
260,160
260,4
260,501
260,85
260,502
260,342
260,214
260,71
260,286
260,84
260,430
261,350
261,492
261,187
261,58
261,99
261,503
261,314
261,103
261,399
261,503
261,492
261,503
261,350
261,187
261,503
261,242
261,56
261,504
261,343
261,10
261,350
261,364
261,103
261,115
261,350
261,364
261,103
261,115
261,350
261,212
261,492
261,343
261,503
261,133
261,272
261,505
261,492
261,503
261,394
262,187
262,255
262,345
262,506
262,84
262,272
262,138
262,55
262,187
262,212
262,283
262,343
262,272
262,191
262,343
262,272
262,191
262,343
262,90
262,344
262,482
262,492
262,343
262,130
262,198
262,79
262,482
263,272
263,56
263,345
263,506
263,298
263,138
263,206
263,52
263,115
263,206
263,263
263,290
264,188
264,345
264,506
264,138
264,206
264,52
264,162
264,222
264,343
265,115
265,44
265,343
265,507
265,325
265,339
265,138
265,507
265,325
265,283
265,343
265,489
265,508
265,507
265,325
265,343
265,489
265,508
265,273
265,507
265,382
265,341
265,443
265,47
265,44
265,93
265,507
265,325
265,343
265,278
265,410
265,161
265,138
265,56
265,132
265,160
265,410
265,449
265,161
265,248
265,143
265,88
266,455
266,345
266,283
266,181
266,8
266,294
266,343
266,345
266,138
266,206
266,282
266,506
266,4
266,509
266,273
266,343
266,133
266,312
266,151
266,311
266,280
266,60
267,187
267,138
267,56
268,47
268,510
268,477
268,92
268,138
268,343
268,343
268,8
268,367
268,138
268,206
268,267
268,477
268,138
268,206
268,343
268,47
268,79
268,510
268,510
268,477
268,510
268,252
268,98
268,174
268,138
268,206
268,186
268,445
268,399
268,510
269,283
269,90
269,294
269,95
269,273
269,138
269,162
269,193
269,56
269,90
269,286
269,361
269,16
269,511
269,397
269,512
270,138
270,206
270,73
270,283
270,273
270,106
270,206
270,334
270,410
270,498
270,29
270,498
270,248
270,274
270,206
270,248
270,289
271,252
271,488
271,488
271,343
271,172
271,138
271,206
271,389
271,27
271,339
271,488
271,488
271,371
271,498
271,492
271,104
271,343
271,488
271,8
271,497
271,505
271,79
271,343
271,31
271,375
271,172
271,138
271,206
271,229
271,477
271,213
271,56
271,382
271,138
271,485
272,294
272,71
272,405
272,459
272,325
272,248
272,504
272,266
272,56
272,162
272,296
272,313
272,47
272,325
272,71
272,476
272,228
272,367
272,476
272,325
272,56
272,126
272,476
272,248
272,162
272,222
272,504
272,206
273,100
273,67
273,248
273,259
273,259
273,257
273,6
273,138
273,206
273,227
274,488
274,397
274,495
274,439
274,313
274,132
274,397
274,283
274,31
274,138
274,343
274,10
274,495
274,231
274,397
274,200
274,259
274,495
275,233
275,476
275,345
275,212
275,138
275,263
275,476
276,26
276,342
276,339
276,71
276,365
276,273
276,242
276,404
276,200
276,259
276,495
276,138
276,343
276,90
276,466
277,212
277,32
277,293
277,165
277,405
277,344
277,481
277,138
277,343
277,213
277,130
277,425
277,343
277,156
277,16
277,450
277,267
277,206
277,206
277,113
278,488
278,199
278,343
278,56
278,138
278,199
278,182
278,147
278,31
278,138
278,206
278,98
278,68
278,343
278,513
278,60
278,200
278,410
278,282
278,513
278,513
278,347
278,181
278,200
278,133
278,220
279,343
279,486
279,138
279,84
279,10
279,456
279,495
279,89
279,40
280,486
280,138
280,206
280,343
281,10
281,138
281,343
281,499
281,191
281,138
281,343
281,132
281,217
281,193
281,499
281,351
281,230
281,514
281,252
281,343
281,10
282,118
282,397
282,130
282,162
282,272
282,55
282,343
283,143
283,91
283,343
283,142
283,182
283,321
283,231
283,482
283,357
283,3
283,339
283,138
283,5
283,343
284,305
284,47
284,480
284,146
284,117
284,37
284,515
284,274
284,138
284,121
284,259
284,30
284,305
284,37
285,411
285,138
285,315
285,138
285,514
285,248
285,259
285,495
286,305
286,504
286,56
287,220
287,304
287,227
287,55
287,220
287,343
287,220
287,138
287,248
287,56
287,489
287,516
287,157
288,484
288,231
288,200
288,138
288,343
289,484
289,55
289,455
289,17
289,212
289,71
289,138
289,243
289,264
289,97
290,516
290,283
290,294
290,516
290,332
290,124
290,56
290,345
290,259
290,255
290,115
291,343
291,182
291,53
291,32
291,343
291,478
291,51
291,53
291,504
292,240
292,383
292,277
292,22
292,274
292,138
292,483
292,138
292,466
292,284
292,103
293,182
293,138
293,343
293,98
293,193
293,343
293,206
293,56
293,138
293,471
293,506
293,443
293,138
293,396
293,273
294,383
294,342
294,40
294,493
294,81
294,75
294,11
294,274
294,138
295,263
295,76
295,517
295,229
295,344
295,340
295,212
295,262
295,382
295,404
295,259
295,495
295,146
295,375
295,28
295,60
295,495
295,143
296,460
296,435
296,302
296,518
296,415
296,230
296,56
296,415
297,56
297,198
297,54
297,275
297,495
297,191
297,479
297,284
297,211
297,415
297,55
298,263
298,196
298,415
298,230
298,26
298,459
298,77
298,200
298,259
298,138
298,343
298,76
298,26
298,8
298,495
298,182
298,325
298,231
298,196
298,476
298,342
298,172
299,341
299,56
299,130
299,200
299,130
299,231
299,206
299,200
299,410
299,133
299,130
299,200
300,447
300,342
300,497
300,364
301,519
301,274
301,199
301,182
301,342
301,191
301,198
301,248
301,259
301,495
301,346
301,181
301,79
301,146
301,384
301,25
301,110
301,47
301,519
301,71
301,342
301,132
301,120
301,13
301,59
301,25
301,110
301,311
301,138
301,193
301,199
301,198
301,231
301,275
301,204
301,259
301,415
301,520
301,274
301,438
301,194
301,415
301,520
301,191
301,13
301,519
301,519
301,226
301,4
301,227
301,519
301,110
301,226
301,229
301,521
302,182
302,283
302,333
302,301
302,516
302,104
302,92
302,118
302,321
302,56
302,274
302,275
302,127
303,312
303,406
303,346
303,17
304,464
304,481
304,138
304,495
304,481
304,504
304,482
304,130
304,495
304,345
304,425
304,404
305,97
305,97
305,462
305,17
305,93
305,78
305,97
305,352
305,179
305,32
305,17
305,219
305,80
305,97
305,494
305,78
306,50
306,229
306,52
306,138
306,248
306,346
307,58
307,263
307,199
307,342
307,357
307,274
307,266
307,56
307,92
307,259
307,495
307,342
307,56
307,53
307,17
308,31
308,190
308,300
308,448
308,490
308,386
308,376
308,376
308,38
308,104
308,503
308,317
308,167
308,331
308,56
308,342
308,292
308,286
308,40
308,317
308,503
308,181
308,503
308,191
308,346
308,51
308,496
308,231
308,259
308,168
308,410
308,464
308,269
308,410
308,52
308,32
308,27
308,273
308,76
308,312
308,184
308,283
308,294
308,13
308,312
308,184
308,248
308,346
308,171
308,464
308,32
308,184
309,118
309,402
309,162
309,32
309,156
309,443
309,396
310,182
310,344
310,481
310,259
310,495
310,84
310,313
310,522
310,481
310,206
310,130
310,200
310,158
311,346
311,121
311,222
311,231
311,346
312,242
312,259
312,523
312,115
312,413
312,162
312,222
312,347
312,181
313,486
313,138
313,56
313,273
313,294
313,71
313,283
313,85
313,248
313,346
313,231
313,229
313,231
313,56
313,200
313,192
314,294
314,20
314,230
314,182
314,344
314,130
314,477
314,506
314,76
314,182
314,506
314,231
314,495
314,248
314,130
314,336
315,296
315,341
315,56
315,345
315,345
315,346
315,404
315,198
315,495
315,278
316,224
316,522
316,32
316,244
316,399
316,364
316,103
316,56
316,522
316,430
316,185
316,274
316,32
316,139
316,228
316,514
316,248
316,130
316,384
316,495
317,184
317,164
317,22
317,458
317,119
317,334
317,125
317,143
317,125
317,143
317,88
317,93
317,22
317,209
317,110
317,32
317,394
317,524
318,38
318,312
318,31
318,125
318,23
318,525
318,17
318,341
318,104
318,312
318,231
318,32
318,259
318,495
318,89
318,495
318,35
318,132
318,132
319,488
319,501
319,361
319,16
319,231
319,346
319,446
319,172
319,490
319,139
319,438
319,143
319,125
319,450
319,278
320,495
320,274
320,206
320,56
320,92
321,56
321,200
321,231
321,346
321,522
321,280
322,522
322,231
322,130
322,495
322,274
322,206
322,453
322,341
322,382
322,112
322,246
322,149
322,162
322,55
323,13
323,53
323,138
323,343
323,526
323,450
323,130
323,246
323,259
324,283
324,439
324,466
324,514
324,243
324,32
324,185
324,191
324,198
324,248
324,259
324,495
324,200
324,138
324,343
324,142
324,501
324,58
324,77
325,199
325,341
325,141
325,197
325,153
325,199
325,351
325,372
325,20
325,351
325,102
325,372
326,229
326,32
326,30
326,134
326,344
326,250
326,238
326,263
326,145
326,353
326,117
326,299
326,139
326,296
326,190
326,206
326,145
326,162
326,55
326,272
327,229
327,0
327,212
327,22
327,145
327,233
327,527
327,81
327,527
327,145
327,177
327,71
327,528
327,183
327,115
327,347
327,438
327,265
327,527
328,108
328,71
328,40
328,11
328,306
328,145
328,364
328,103
328,364
329,427
329,135
329,68
329,16
329,17
329,182
329,32
329,288
329,186
329,16
330,145
330,299
330,310
330,135
330,306
330,177
331,310
331,135
331,306
331,164
331,51
331,364
331,529
331,118
332,164
332,226
332,135
332,306
333,193
333,353
333,2
333,377
333,353
333,174
333,193
333,456
333,530
333,56
333,162
333,68
333,530
333,480
334,95
334,145
334,164
334,206
334,135
334,135
334,229
334,531
335,115
335,232
335,141
335,32
335,177
335,171
335,523
335,135
335,76
335,440
335,115
335,59
335,135
335,335
335,135
335,527
336,145
336,382
336,277
336,135
336,177
336,532
336,51
336,68
336,132
336,466
337,95
337,96
337,50
337,135
337,277
337,228
337,135
337,459
337,53
337,177
337,532
337,182
337,50
337,135
337,90
337,229
338,47
338,146
338,145
338,84
338,260
338,383
338,173
338,53
338,177
338,532
338,25
338,95
339,118
339,172
339,533
339,97
339,177
339,145
339,94
339,142
340,68
340,145
340,364
340,103
341,229
341,260
341,145
341,177
341,146
341,25
342,305
342,260
342,145
342,53
342,90
342,341
342,56
342,382
343,145
343,355
343,305
343,260
343,145
343,177
343,305
343,341
343,56
343,382
344,55
344,56
344,327
344,30
344,177
344,145
344,248
344,379
344,230
344,147
344,148
344,122
344,413
344,236
344,290
344,117
344,125
344,518
345,92
345,91
345,362
345,177
345,145
346,145
346,164
346,362
346,145
346,177
346,55
346,215
347,448
347,12
347,145
347,75
347,222
347,229
347,115
347,158
347,177
347,145
347,75
347,143
347,12
347,505
347,11
347,13
347,332
348,263
348,387
348,531
348,177
348,145
348,246
349,55
349,139
349,534
349,145
349,49
349,532
349,177
349,341
350,139
350,145
350,535
350,184
350,109
350,4
350,115
350,353
350,16
350,536
351,534
351,362
351,533
351,145
351,177
351,56
351,537
351,292
352,223
352,25
352,75
352,177
352,145
352,24
352,19
352,224
352,441
352,397
352,348
352,352
353,115
353,452
353,226
353,59
353,31
353,145
353,177
353,452
353,240
353,141
353,222
353,20
353,168
354,382
354,95
354,397
354,260
354,88
354,145
354,52
354,199
355,212
355,71
355,47
355,145
355,341
355,145
355,263
355,162
355,19
355,145
356,26
356,145
356,146
356,486
356,145
356,122
356,40
356,187
356,250
356,197
356,117
356,490
356,466
356,77
356,474
356,117
356,138
356,112
356,474
356,199
356,447
356,138
357,182
357,32
357,116
357,56
357,306
357,145
357,530
357,297
357,71
357,50
357,368
357,90
358,405
358,35
358,251
358,145
358,56
358,325
358,50
358,179
358,95
358,221
358,68
358,16
358,53
358,17
359,50
359,177
359,248
359,138
359,343
359,50
359,145
359,456
359,177
359,145
359,171
360,182
360,32
360,309
360,423
360,375
360,117
360,430
360,51
360,53
360,145
360,19
361,145
361,199
361,347
361,32
361,145
361,494
361,199
361,447
361,398
361,145
361,50
361,68
362,336
362,55
362,145
363,145
363,68
363,182
363,231
363,68
364,193
364,263
364,199
364,47
364,407
364,145
364,283
364,145
364,31
364,290
364,27
364,188
364,20
364,382
365,134
365,177
365,145
365,145
365,19
365,444
365,145
365,128
365,60
365,258
365,148
365,335
365,56
365,145
365,76
365,60
365,534
365,73
365,148
365,248
365,145
365,19
365,148
365,149
366,316
366,55
366,400
366,135
366,179
366,145
366,50
366,199
366,60
366,257
366,258
366,19
366,199
366,450
366,177
366,532
366,77
367,430
367,50
367,177
367,145
367,17
368,92
368,199
368,50
368,145
368,17
369,56
369,164
369,145
369,365
370,47
370,145
370,177
370,145
370,294
370,56
370,27
370,202
371,207
371,145
371,177
371,362
371,71
372,47
372,534
372,84
372,157
372,375
372,145
372,216
373,227
373,145
373,73
373,177
373,145
373,229
373,164
374,145
374,199
374,47
374,145
374,380
374,56
374,145
374,177
374,117
375,439
375,47
375,145
375,177
375,31
375,190
375,117
375,165
375,356
375,117
376,188
376,177
376,297
376,145
376,365
376,177
377,182
377,32
377,177
377,145
377,199
377,455
377,117
377,196
377,162
377,222
377,440
377,60
377,143
377,88
377,237
377,538
377,88
378,313
378,263
378,135
378,272
378,162
378,71
378,135
378,135
378,263
379,202
379,530
379,444
379,207
379,177
379,145
379,170
379,309
380,165
380,327
380,187
380,84
380,32
380,9
380,243
380,116
380,132
380,177
380,145
380,37
380,364
380,43
380,509
381,92
381,236
381,127
381,491
381,135
381,177
381,20
381,523
381,164
381,534
382,297
382,177
382,84
382,227
382,145
383,47
383,145
383,1
383,68
383,182
383,227
383,327
383,177
383,155
383,539
384,56
384,19
384,341
384,19
384,534
384,177
384,145
384,35
384,285
384,531
384,162
384,68
385,316
385,55
385,344
385,145
385,145
385,199
385,375
386,316
386,55
386,375
386,453
386,145
386,199
386,60
386,177
387,316
387,55
387,344
387,145
387,199
388,162
388,55
388,93
388,118
388,94
388,306
388,145
388,148
388,47
388,118
388,145
388,93
388,256
388,306
388,11
388,117
388,308
388,148
388,147
388,109
389,84
389,30
389,362
389,145
389,364
389,162
389,76
389,147
389,4
389,30
389,47
389,172
390,71
390,82
390,538
390,90
390,353
390,306
390,73
390,306
390,32
390,456
390,145
390,31
390,145
390,91
390,16
391,82
391,115
391,131
391,135
391,177
391,462
391,22
391,212
391,131
391,88
392,73
392,134
392,177
392,70
392,163
392,181
392,123
392,60
392,190
392,145
392,134
392,235
392,236
392,145
393,177
393,145
393,292
393,95
393,32
393,475
393,59
393,145
393,478
393,335
393,77
393,540
393,327
393,20
394,121
394,29
394,73
394,412
394,132
394,43
394,177
394,145
394,25
394,146
394,176
394,145
394,176
394,146
395,203
395,79
395,145
395,375
395,177
395,347
395,181
395,56
395,537
396,73
396,169
396,145
397,327
397,20
397,162
397,199
397,134
397,371
397,371
397,177
398,73
398,145
398,64
398,373
398,145
398,56
399,91
399,135
399,177
399,143
399,88
399,293
399,88
399,73
399,148
399,259
400,249
400,177
400,117
400,383
400,20
400,145
400,255
400,230
400,474
400,145
401,73
401,145
401,117
401,177
401,176
401,213
401,12
401,129
401,136
401,137
401,138
402,134
402,145
402,40
402,12
402,145
402,68
403,30
403,177
403,397
403,135
403,392
403,397
403,272
404,173
404,20
404,121
404,145
404,73
404,55
404,177
404,83
404,117
404,16
404,40
404,150
404,145
404,321
404,452
405,147
405,131
405,203
405,177
405,145
405,93
405,290
405,93
405,351
405,33
405,131
406,177
406,515
406,73
406,82
406,145
406,32
406,459
406,148
406,397
406,145
406,76
406,88
407,30
407,177
407,145
407,161
407,55
407,94
407,16
407,12
407,145
407,308
407,148
407,145
407,131
407,12
408,369
408,327
408,293
408,177
408,145
409,162
409,306
409,32
409,358
409,265
409,306
409,60
409,82
409,32
409,94
409,148
409,32
409,184
409,16
409,73
409,306
409,158
409,335
409,171
409,238
409,50
409,135
409,367
409,299
409,32
409,184
409,46
409,94
410,212
410,32
410,329
410,426
410,184
410,56
410,458
410,278
410,132
410,43
410,26
410,117
411,178
411,466
411,20
411,145
412,187
412,26
412,72
412,79
412,368
412,541
412,103
413,480
413,121
413,56
413,118
413,13
413,3
413,179
413,306
413,55
413,20
413,32
413,184
413,292
413,93
413,145
413,542
413,306
413,186
413,116
414,182
414,32
414,73
414,306
414,145
414,56
414,16
414,293
415,336
415,182
415,294
415,291
415,173
415,96
415,485
415,193
415,76
415,111
415,32
415,50
415,291
415,117
415,77
416,263
416,145
416,199
416,212
416,428
416,20
417,199
417,47
417,253
417,145
417,470
417,386
417,440
417,227
417,145
417,95
417,96
417,50
417,470
417,115
417,43
418,212
418,263
418,197
418,145
418,474
418,199
418,383
418,103
418,50
418,466
418,471
418,286
418,53
418,213
418,375
418,353
418,229
418,109
418,106
418,353
418,339
418,474
418,396
418,231
418,145
418,474
418,365
418,526
418,261
418,231
418,374
418,145
418,526
418,430
418,359
419,543
419,109
419,217
419,145
419,397
419,177
419,104
419,105
419,191
419,407
419,543
419,76
419,56
419,417
419,117
419,73
419,91
419,88
419,543
420,182
420,73
420,134
420,145
420,249
420,254
420,82
420,249
420,73
420,362
420,117
420,174
420,27
420,366
421,84
421,283
421,439
421,32
421,375
421,145
421,355
421,202
421,319
421,42
421,181
422,193
422,53
422,177
422,532
422,25
422,1
422,534
423,212
423,453
423,306
423,135
423,57
423,28
423,453
423,47
423,544
423,474
423,214
423,267
423,474
423,49
423,190
423,474
424,53
424,55
424,441
424,141
424,145
425,203
425,266
425,375
425,104
425,237
425,491
425,79
425,456
425,145
425,177
426,212
426,125
426,162
426,222
426,528
426,500
426,320
426,50
426,95
426,153
426,145
426,146
426,76
426,37
426,331
426,32
426,95
426,153
426,162
426,222
427,47
427,59
427,173
427,145
427,75
427,1
427,475
427,134
427,59
427,229
427,31
427,125
427,72
427,150
427,173
427,277
427,317
427,50
427,173
428,145
428,79
428,180
428,186
428,47
428,162
428,278
428,177
428,145
428,20
428,451
428,20
429,322
429,359
429,545
429,292
429,32
429,228
429,546
429,315
429,263
429,380
429,546
429,40
429,547
429,125
429,64
429,315
429,56
429,22
430,56
430,548
430,380
430,55
430,84
430,32
430,40
430,416
430,20
430,548
430,380
430,56
430,479
430,108
430,64
430,416
431,422
431,359
431,549
431,416
431,359
431,8
431,199
431,112
431,33
431,26
431,32
431,40
431,106
431,422
431,263
431,359
431,549
431,32
431,39
431,108
431,359
431,208
431,416
431,289
431,132
431,517
431,359
431,40
431,204
431,359
431,429
431,416
432,359
432,549
432,49
432,545
432,220
432,68
432,292
432,359
432,8
432,359
432,545
432,229
432,272
432,520
432,274
432,55
432,226
432,450
432,445
432,49
432,487
433,47
433,225
433,359
433,545
433,382
433,56
433,550
433,506
433,83
434,359
434,549
434,84
434,528
434,386
434,200
434,359
434,517
434,134
434,359
434,429
434,416
434,224
435,193
435,263
435,513
435,172
435,227
435,548
435,513
435,172
435,68
435,227
435,548
435,56
435,73
435,76
435,182
435,200
435,513
435,172
435,90
436,545
436,220
436,68
436,422
436,193
436,22
436,422
436,359
436,81
436,551
436,152
436,224
437,359
437,545
437,68
437,108
437,552
437,263
437,188
437,57
438,229
438,188
438,164
438,416
438,406
438,422
438,82
438,73
438,528
438,185
438,359
438,324
438,208
438,416
438,17
438,416
438,56
438,57
438,553
438,25
438,17
439,32
439,169
439,416
439,27
439,28
439,49
439,132
439,90
439,383
439,416
439,64
440,40
440,547
440,416
440,263
440,225
440,263
440,56
440,40
440,416
440,315
440,28
440,263
440,169
440,359
440,84
440,132
440,108
440,422
441,225
441,263
441,554
441,516
441,313
441,40
441,108
441,547
441,286
442,359
442,545
442,225
442,73
442,162
442,108
442,422
442,359
442,315
442,4
442,58
442,31
442,184
443,224
443,359
443,549
443,203
443,359
443,508
443,231
443,517
443,315
443,214
443,359
444,8
444,224
444,359
444,429
444,182
444,32
444,359
444,161
445,359
445,545
445,224
445,152
445,545
445,359
445,71
446,545
446,220
446,68
446,416
446,49
446,554
446,76
446,317
446,73
446,154
446,422
446,193
446,422
446,220
446,473
446,222
446,192
446,56
446,28
447,112
447,554
447,271
447,169
447,79
447,56
447,416
447,40
447,422
448,300
448,422
448,141
448,225
448,333
448,411
448,68
448,247
448,232
448,212
448,517
448,283
448,403
448,294
448,56
448,28
449,193
449,386
449,292
449,341
449,143
449,20
449,139
449,32
449,2
449,247
449,359
449,16
449,290
449,315
449,172
449,143
449,20
450,545
450,225
450,199
450,359
450,27
450,263
450,552
450,56
450,551
451,485
451,220
451,68
451,283
451,56
451,224
451,199
451,68
451,74
451,108
451,416
451,174
451,439
451,8
451,416
451,359
452,224
452,17
452,203
452,359
453,310
453,2
453,224
453,551
453,152
454,545
454,220
454,229
454,326
454,528
454,76
454,192
454,416
454,81
454,193
454,112
455,341
455,327
455,187
455,152
455,73
455,347
455,181
455,359
455,84
455,203
455,91
455,43
455,88
455,134
456,359
456,545
456,68
456,60
456,278
456,309
456,284
456,60
456,551
457,299
457,220
457,422
457,141
457,422
457,68
457,16
457,77
457,207
457,118
457,359
457,545
457,528
457,76
457,386
457,359
457,517
458,299
458,81
458,162
458,455
458,263
458,359
458,40
458,144
458,68
458,56
459,263
459,220
459,47
459,56
459,225
459,359
459,545
459,416
459,52
459,49
459,244
459,56
459,434
459,225
460,283
460,294
460,466
460,224
460,40
460,315
460,193
460,27
460,315
460,224
460,142
460,292
460,423
460,315
461,359
461,545
461,220
461,333
461,229
462,132
462,106
462,411
462,359
462,79
462,260
462,152
462,411
462,76
462,60
462,11
462,332
462,12
462,171
462,52
462,531
462,51
462,364
462,162
463,283
463,538
463,403
463,294
463,227
463,144
463,222
463,22
463,286
463,31
463,406
463,192
463,169
463,224
463,359
463,263
463,220
463,152
463,224
464,475
464,416
464,224
464,132
464,198
464,359
464,324
465,455
465,32
465,51
465,422
465,16
465,188
465,154
465,422
465,76
465,455
465,422
465,255
465,91
465,555
465,422
465,416
465,359
466,527
466,554
466,68
466,112
466,32
466,409
466,81
466,493
466,371
466,284
466,76
466,222
466,44
466,359
466,545
466,26
466,32
466,40
466,108
466,422
466,162
466,99
466,44
466,152
466,247
466,527
466,524
467,112
467,359
467,545
467,263
467,422
467,299
467,422
467,309
467,229
467,359
467,545
467,255
468,41
468,42
468,60
468,455
468,545
468,225
469,81
469,493
469,359
469,527
469,416
469,82
469,556
469,40
469,108
469,422
469,547
469,359
469,102
469,531
469,12
469,349
469,383
469,527
469,22
470,292
470,84
470,169
470,359
470,176
470,224
470,176
470,174
470,136
470,137
470,138
470,242
470,212
470,416
470,128
470,285
471,193
471,138
471,225
471,199
471,409
471,169
471,359
471,546
471,416
471,56
471,483
471,138
471,156
471,225
471,225
471,263
472,73
472,416
472,143
472,176
472,224
472,91
472,359
472,545
472,311
472,168
472,222
472,290
472,552
472,416
472,227
472,416
472,172
473,169
473,441
473,359
473,64
473,525
473,371
473,441
473,359
473,545
473,199
473,213
473,132
473,545
473,228
474,26
474,554
474,359
474,533
474,546
474,227
474,546
474,22
474,203
474,359
474,228
474,514
474,359
474,546
474,359
475,224
475,68
475,346
475,192
475,254
475,117
475,391
475,473
475,159
475,8
475,81
475,182
475,359
475,545
475,346
476,294
476,56
476,224
476,359
476,549
477,256
477,184
477,557
477,208
477,359
477,42
477,472
477,191
477,200
477,259
477,198
477,315
477,4
477,172
478,40
478,361
478,40
478,359
478,373
478,283
478,361
478,199
478,204
478,8
478,56
478,193
478,315
478,49
478,280
478,315
478,204
478,193
478,280
479,73
479,108
479,416
479,359
479,81
479,552
479,112
479,263
479,169
479,359
479,64
480,169
480,359
480,40
480,169
480,359
480,64
480,40
480,108
480,359
480,169
480,359
480,220
480,40
480,112
480,42
481,193
481,416
481,22
481,359
481,545
481,68
481,192
481,81
481,9
481,32
481,441
481,553
481,146
481,305
481,1
482,40
482,108
482,359
482,217
482,263
482,152
482,224
482,182
482,430
482,169
482,359
482,247
482,416
482,371
483,84
483,73
483,494
483,29
483,73
483,43
483,413
483,542
483,117
483,132
483,502
483,83
483,290
483,115
483,315
483,64
483,83
483,452
483,290
483,31
483,452
483,423
483,452
483,359
483,76
484,229
484,212
484,422
484,8
484,359
484,112
484,359
484,429
484,359
484,545
484,292
484,171
484,200
484,259
484,517
485,494
485,29
485,557
485,416
485,413
485,542
485,258
485,359
485,128
485,73
485,224
485,291
485,542
486,40
486,315
486,115
486,43
486,359
486,353
486,76
486,227
486,73
487,283
487,73
487,281
487,423
487,20
487,259
487,359
487,283
487,361
487,152
487,294
488,341
488,224
488,300
488,416
488,41
488,309
488,352
488,552
488,359
489,359
489,525
489,313
489,169
489,359
489,416
489,56
489,224
490,224
490,152
490,416
490,73
490,359
490,545
491,283
491,332
491,212
491,359
491,56
491,332
491,285
491,143
491,537
491,94
491,73
491,84
491,147
491,416
491,206
491,132
491,359
491,525
491,49
491,16
491,108
491,64
492,223
492,309
492,484
492,22
492,302
492,162
492,31
492,125
492,248
492,537
492,215
492,177
492,224
493,263
493,199
493,56
494,164
494,224
494,172
494,172
494,229
495,293
495,224
495,248
495,224
495,76
495,539
495,254
496,540
496,55
496,223
496,224
496,91
496,553
496,65
496,214
496,546
497,106
497,56
497,224
497,223
497,150
497,224
497,416
497,117
497,46
497,196
497,222
497,64
497,56
497,68
498,169
498,224
498,544
498,49
498,227
498,32
498,399
498,56
498,32
498,267
498,13
498,558
498,56
498,204
498,359
498,189
499,341
499,141
499,551
500,12
500,353
500,1
500,75
500,59
500,341
500,224
500,152
500,348
500,176
500,73
501,223
501,224
501,416
501,278
501,263
501,22
502,559
502,20
502,299
502,141
502,422
502,41
502,42
502,416
503,434
503,92
503,224
503,262
504,30
504,6
504,20
504,6
504,33
504,6
504,125
504,354
504,224
504,328
504,470
505,220
505,199
505,139
505,367
505,134
505,224
505,291
505,498
505,189
505,91
505,359
505,473
505,159
505,181
506,508
506,210
506,115
506,20
506,524
506,68
506,283
506,210
507,293
507,224
507,291
507,359
507,423
507,292
508,233
508,94
508,18
508,91
508,553
508,12
508,223
508,220
508,288
508,224
508,152
509,367
509,272
509,20
509,498
509,293
509,73
509,82
509,546
509,224
509,416
509,248
509,498
509,103
509,225
509,115
509,328
509,13
509,201
510,73
510,416
510,224
510,431
510,162
510,327
510,369
511,26
511,32
511,73
511,174
511,560
511,212
512,347
512,467
512,333
512,526
512,212
512,393
512,436
512,39
512,73
512,288
512,32
512,64
512,373
512,511
512,436
512,5
512,374
512,319
512,506
512,181
513,526
513,510
513,347
513,467
513,333
513,57
513,139
513,393
513,436
513,73
513,288
513,32
514,347
514,467
514,229
514,56
514,143
514,88
514,8
514,303
514,473
514,511
514,88
515,120
515,173
515,26
515,32
515,40
515,421
515,387
515,347
515,467
515,469
515,69
515,186
516,119
516,347
516,467
516,73
516,255
516,511
516,365
516,202
516,445
516,73
516,56
516,143
516,88
516,123
516,436
516,247
517,115
517,533
517,473
517,506
517,81
517,331
517,426
517,347
517,467
517,559
517,395
518,336
518,164
518,559
518,153
518,473
518,81
518,426
519,112
519,263
519,347
519,467
519,73
519,73
519,457
519,337
519,318
519,454
519,285
519,186
519,437
519,410
519,32
519,76
519,73
519,366
519,457
519,314
519,73
519,457
519,22
519,60
519,337
519,318
519,22
519,267
519,73
520,560
520,73
520,255
520,182
520,32
520,40
520,560
520,247
520,445
520,134
520,353
520,88
520,561
520,278
520,40
520,422
520,51
520,561
520,459
520,436
520,304
520,76
520,208
520,73
520,192
520,276
520,304
521,347
521,467
521,229
521,473
521,561
521,247
521,171
521,436
521,469
522,347
522,467
522,247
522,68
522,473
522,561
522,436
523,12
523,120
523,56
523,17
523,562
524,193
524,347
524,467
524,247
524,260
524,143
524,88
524,563
524,134
524,143
524,377
524,247
524,384
524,143
524,20
525,347
525,467
525,247
526,347
526,467
526,278
526,456
526,457
526,337
526,318
526,278
526,47
526,128
526,88
527,134
527,347
527,467
527,22
527,104
527,365
527,364
527,400
527,56
527,193
527,562
527,332
527,187
527,114
527,395
527,115
527,365
527,365
527,473
527,373
527,365
528,347
528,467
528,73
528,255
529,347
529,467
529,436
529,73
529,255
529,56
529,143
529,88
529,88
529,143
529,20
529,278
530,436
530,73
530,255
530,190
530,523
530,436
530,88
531,347
531,467
531,359
532,347
532,467
532,73
532,424
533,229
533,347
533,467
533,247
533,229
533,188
533,143
533,20
533,247
533,212
533,436
533,184
533,56
533,143
533,88
534,347
534,467
534,333
535,326
535,347
535,467
535,379
535,377
535,40
535,373
535,64
535,436
536,347
536,467
536,365
536,91
536,436
536,172
536,300
536,366
536,13
536,558
536,79
536,247
537,347
537,467
537,333
537,365
537,314
537,91
537,436
537,13
537,558
537,79
537,247
538,79
538,347
538,467
538,229
538,212
538,369
538,293
538,20
538,143
538,88
538,562
539,362
539,71
539,83
539,347
539,467
539,434
540,347
540,467
540,229
540,56
540,164
540,436
540,184
540,143
540,88
540,114
540,164
540,22
540,34
540,184
540,109
541,347
541,467
541,73
541,73
541,436
541,500
541,208
541,208
541,436
541,88
541,410
541,359
542,73
542,347
542,467
542,247
542,135
542,354
542,328
543,115
543,347
543,467
543,247
543,143
543,88
544,82
544,347
544,467
544,278
544,184
544,143
544,377
545,73
545,300
545,347
545,467
545,247
545,445
546,132
546,172
546,347
546,467
546,214
546,242
546,212
546,244
546,454
546,285
546,115
546,174
546,132
546,172
546,274
546,138
546,56
546,346
546,136
547,73
547,314
547,347
547,467
547,247
547,88
547,226
547,8
547,247
547,186
547,314
548,389
548,347
548,467
548,372
548,5
548,559
548,509
548,76
548,325
548,81
548,421
549,434
549,436
549,73
549,255
549,247
549,436
549,92
549,143
549,88
549,293
550,347
550,467
550,55
550,56
550,143
550,88
550,44
550,143
550,377
550,246
550,51
550,140
550,94
550,117
550,25
550,146
551,365
551,292
551,300
551,247
551,278
551,27
551,73
551,440
552,347
552,467
552,73
552,255
552,299
552,300
552,436
552,247
552,121
552,293
552,68
552,263
552,383
552,199
552,435
553,347
553,467
553,247
553,152
553,449
553,143
553,88
554,347
554,467
554,153
554,449
554,143
554,88
555,431
555,376
555,172
555,359
555,73
555,186
555,437
555,244
555,147
555,217
555,186
555,437
555,91
555,164
556,16
556,91
556,11
556,473
556,561
556,143
556,88
557,73
557,562
557,483
557,138
557,56
557,130
557,136
557,200
557,517
557,132
557,347
557,181
557,324
557,242
557,56
557,158
557,562
557,212
557,410
557,436
558,26
558,40
558,561
558,436
558,502
558,244
559,73
559,186
559,436
559,134
559,247
559,248
559,143
559,88
560,560
560,561
560,199
560,81
560,73
560,454
560,285
560,115
560,359
560,433
560,545
560,493
560,401
561,487
561,541
561,561
561,247
561,304
562,223
562,365
562,473
562,278
562,143
562,88
563,22
563,26
563,32
563,283
563,64
563,365
563,26
563,212
563,88
563,22
563,2
563,457
563,108
564,143
564,88
564,212
564,247
564,436
564,511
564,365
564,304
564,440
564,303
564,98
564,247
564,112
564,244
564,56
564,123
564,436
564,247
564,56
564,60
564,143
564,88
564,562
565,229
565,484
565,32
565,186
565,425
565,229
565,108
565,186
565,103
565,470
565,521
565,470
565,40
565,521
566,212
566,22
566,16
566,528
566,154
566,331
566,376
566,365
566,359
566,181
566,213
566,359
566,20
566,365
566,73
566,395
566,457
566,56
566,132
566,365
566,473
566,471
566,248
566,562
567,73
567,365
567,56
567,143
567,88
567,143
567,377
568,40
568,365
569,403
569,511
569,403
569,511
569,560
569,511
569,403
569,560
570,541
570,561
570,247
571,40
571,365
571,56
571,365
571,292
571,56
571,562
571,212
571,365
571,473
572,416
572,199
573,73
573,436
573,473
573,302
573,445
574,562
574,176
574,88
574,263
574,199
575,162
575,444
575,472
575,143
575,88
575,212
575,293
575,134
575,472
575,560
575,247
575,56
575,143
575,88
576,73
576,547
576,303
576,196
576,88
577,308
577,342
577,560
577,233
577,40
577,79
578,162
578,68
578,260
578,179
578,143
578,88
578,246
578,73
578,73
578,556
578,73
578,0
578,58
578,560
578,430
578,528
578,283
578,294
578,528
578,40
578,83
578,556
578,179
578,556
578,416
578,343
579,92
579,79
579,180
579,314
579,472
579,560
579,247
579,143
579,88
580,436
580,68
580,436
580,304
580,314
580,423
580,425
580,502
581,560
581,73
581,255
581,143
581,88
581,143
582,283
582,365
582,561
582,56
582,472
582,60
582,247
582,59
582,172
582,393
582,423
582,115
582,179
582,405
582,423
582,181
582,248
583,560
583,40
583,199
583,397
583,56
584,193
584,263
584,561
584,331
584,199
584,26
584,283
584,393
584,561
585,316
585,56
585,84
585,32
585,73
585,193
585,315
585,364
585,103
585,76
585,564
585,421
585,247
585,347
585,467
586,79
586,436
586,73
586,255
586,390
586,292
586,56
586,299
586,164
586,73
586,43
587,73
587,274
587,365
587,473
587,511
587,247
587,399
587,82
587,56
587,365
588,281
588,143
588,88
588,123
588,347
588,467
588,60
588,347
588,467
588,73
589,365
589,172
589,428
589,294
589,56
589,143
589,88
589,73
589,247
589,454
589,285
590,434
590,347
590,467
590,420
590,229
590,56
590,188
590,436
590,94
590,143
590,88
590,563
590,134
590,329
591,347
591,467
591,436
591,73
591,316
591,341
591,56
591,176
591,88
592,541
592,561
592,247
592,68
592,56
592,143
592,88
592,143
592,267
592,73
592,79
592,68
592,247
593,347
593,467
593,73
593,255
593,40
593,43
593,164
593,143
593,377
593,143
593,88
594,186
594,493
594,342
595,338
595,267
595,331
595,64
595,373
595,347
595,467
595,492
595,212
595,267
595,347
595,467
595,559
595,167
595,372
596,387
596,162
596,20
596,55
597,420
597,381
597,387
597,199
597,212
597,374
597,199
597,325
597,4
597,47
598,212
598,565
598,263
598,126
598,387
598,199
598,248
598,46
598,550
598,387
598,229
598,304
598,286
598,287
598,208
598,246
598,76
598,206
598,387
598,416
598,286
598,20
598,479
598,387
599,277
599,493
599,566
599,427
599,388
599,368
599,124
599,184
599,302
599,518
599,207
599,567
599,71
599,68
599,76
599,29
599,388
599,220
599,446
599,143
599,88
599,25
599,53
599,363
600,162
600,55
600,56
600,32
600,35
600,153
600,509
600,207
600,371
600,117
600,26
600,353
600,32
600,162
600,187
600,56
600,22
600,283
600,387
600,427
600,388
600,226
600,47
600,162
600,328
601,263
601,441
601,418
601,112
601,126
601,22
601,28
601,199
601,535
601,568
601,463
601,468
602,322
602,512
602,26
602,567
602,520
602,441
602,209
602,535
602,288
602,427
602,487
602,47
602,567
602,555
602,128
602,387
602,181
602,57
602,499
603,387
603,223
603,371
603,43
603,79
603,134
603,109
603,446
604,79
604,73
604,255
604,26
604,40
604,387
604,416
604,73
604,387
605,387
605,405
605,342
605,4
605,115
605,278
605,186
605,40
605,68
605,392
606,95
606,387
606,323
606,56
606,363
606,143
606,88
607,387
607,139
607,358
607,201
607,125
607,28
607,229
608,212
608,71
608,387
608,91
608,427
608,31
608,31
608,92
608,121
608,88
608,293
609,387
609,68
609,299
609,73
609,43
609,427
610,387
610,500
610,229
610,171
610,387
610,427
610,323
611,55
611,471
611,387
611,427
611,68
611,212
611,293
611,182
611,32
611,51
611,353
611,81
611,493
612,212
612,32
612,387
612,173
612,141
612,465
612,361
612,124
612,141
612,427
612,244
612,364
612,103
613,40
613,267
613,323
613,387
613,56
613,39
613,323
614,387
614,73
614,68
614,73
614,398
614,263
614,387
614,435
614,108
614,422
614,186
614,56
614,402
614,387
614,343
615,90
615,84
615,528
615,115
615,53
615,90
615,547
615,448
615,53
615,143
615,88
615,183
615,449
615,90
615,88
615,172
615,547
615,18
615,387
615,15
615,448
616,387
616,363
616,32
616,431
616,512
616,387
616,212
616,32
616,387
616,512
616,22
617,68
617,91
617,117
617,259
617,487
617,387
617,184
617,387
617,427
617,364
617,103
618,387
618,263
618,112
618,41
618,309
618,263
618,441
618,544
618,463
618,241
618,446
618,568
618,387
618,263
618,556
618,58
618,398
618,569
618,420
618,526
618,31
618,26
618,263
618,32
618,283
618,108
618,524
618,41
618,440
619,88
619,20
619,446
619,294
619,71
619,115
619,14
619,212
619,177
619,25
619,17
619,201
619,446
619,5
619,14
619,387
620,73
620,387
620,247
620,186
620,401
621,79
621,387
621,288
621,538
621,364
621,103
621,567
621,47
621,227
621,446
621,124
621,388
621,302
621,186
621,520
621,448
622,292
622,567
622,341
622,387
622,323
622,233
622,223
622,60
622,363
622,17
622,25
622,177
623,387
623,73
623,333
623,84
623,32
623,8
623,22
623,59
623,125
623,76
623,56
623,479
623,323
623,441
623,88
623,71
624,379
624,229
624,212
624,146
624,117
624,387
624,464
624,88
624,79
624,445
624,96
624,22
624,392
624,342
624,79
624,267
624,314
625,146
625,88
625,163
625,41
625,523
625,368
625,387
625,388
625,323
625,567
625,214
625,368
625,103
626,387
626,22
626,309
626,284
626,73
626,156
626,103
626,115
626,88
626,267
627,26
627,567
627,387
627,40
627,267
627,288
627,368
627,447
627,387
627,199
627,260
627,550
627,565
627,564
628,387
628,73
628,255
628,499
628,112
628,387
628,427
628,22
629,487
629,387
629,323
629,26
629,520
629,512
629,40
629,179
629,125
629,103
629,128
629,22
630,51
630,563
630,567
630,167
630,563
630,109
630,125
630,143
630,563
630,134
630,125
630,364
630,16
630,214
630,387
630,364
630,125
630,181
631,91
631,184
631,533
631,567
631,81
631,145
631,243
631,258
631,76
631,227
631,88
631,68
631,531
632,103
632,387
632,323
632,192
632,146
632,353
632,446
632,124
632,196
632,143
632,88
633,143
633,88
633,387
633,416
633,550
633,94
634,387
634,164
634,278
635,108
635,387
635,465
635,364
635,103
635,146
635,88
635,258
635,533
635,531
635,51
635,353
635,104
635,465
636,145
636,75
636,427
636,88
636,151
636,387
636,375
636,145
637,40
637,79
637,125
637,44
637,387
637,181
637,73
637,273
637,181
637,48
637,195
637,376
637,303
637,359
637,76
637,134
637,436
637,247
637,364
637,48
637,297
637,16
637,303
637,359
638,387
638,68
638,567
638,260
638,143
638,88
638,177
638,95
638,96
638,145
638,19
638,512
638,323
639,212
639,103
639,565
639,117
639,128
639,146
639,566
639,87
639,448
639,387
639,399
640,323
640,387
640,420
640,566
640,199
640,186
640,565
640,429
640,368
640,353
640,146
641,196
641,387
641,323
641,192
641,427
641,323
641,196
641,88
641,567
641,81
641,146
641,145
641,223
641,143
641,88
641,348
641,25
641,143
641,146
642,233
642,146
642,565
642,364
642,390
642,227
642,173
642,540
642,387
642,146
643,192
643,70
643,196
643,88
643,378
643,387
643,323
643,427
643,567
643,81
643,145
644,71
644,520
644,50
644,387
645,212
645,387
645,364
645,103
645,56
645,196
645,88
645,427
645,186
645,529
645,119
645,401
645,68
646,223
646,230
646,567
647,56
647,287
647,293
647,139
647,442
647,271
647,339
647,202
647,173
647,208
647,448
647,60
647,387
647,441
648,223
648,436
648,289
648,172
648,465
648,143
648,88
648,465
648,512
648,76
648,283
648,269
648,541
648,87
649,33
649,387
649,55
649,26
649,40
649,535
649,561
649,39
649,424
650,56
650,292
650,387
650,206
650,512
650,216
650,22
650,143
650,88
650,171
650,512
650,147
650,143
650,216
650,45
651,79
651,180
651,181
651,108
651,387
651,427
651,88
651,570
651,52
651,235
651,116
651,181
651,387
651,564
652,263
652,556
652,247
652,487
652,387
652,548
652,531
653,56
653,28
653,505
653,392
653,362
653,173
653,387
653,68
654,103
654,383
654,387
654,145
654,146
654,278
654,176
654,88
654,176
654,387
654,177
654,25
655,326
655,567
655,567
655,103
655,387
655,22
655,283
655,294
655,520
655,108
655,261
655,512
656,392
656,487
656,387
656,323
656,278
656,348
656,177
656,143
656,12
656,156
656,88
656,128
656,184
657,387
657,22
657,556
657,177
658,383
658,387
658,333
658,30
658,103
658,248
658,387
658,323
658,47
658,375
658,145
658,56
658,95
658,192
659,508
659,26
659,32
659,39
659,45
659,233
659,125
659,245
659,184
659,55
659,45
659,95
659,388
659,297
659,427
659,448
659,181
659,388
660,323
660,388
660,208
660,22
660,434
660,529
660,56
660,143
660,88
660,206
660,165
660,458
660,239
660,83
660,529
660,535
660,105
660,22
660,529
660,566
660,465
660,360
660,388
660,68
660,95
660,110
660,128
661,274
661,55
661,182
661,32
661,73
661,441
661,468
661,174
661,398
661,274
661,382
661,260
661,55
662,162
662,55
662,182
662,567
662,73
662,387
662,440
662,427
662,199
662,260
662,55
663,446
663,73
663,55
663,111
663,32
663,73
663,446
663,20
663,15
663,184
663,55
663,56
664,162
664,55
664,111
664,32
664,169
664,28
664,446
664,55
664,56
665,468
665,162
665,55
665,84
665,32
665,73
665,18
665,468
665,212
665,184
665,427
665,55
665,56
665,468
665,199
666,92
666,162
666,187
666,182
666,32
666,168
666,55
666,56
666,143
666,88
667,536
667,274
667,55
667,326
667,32
667,536
667,424
667,55
667,84
667,32
667,40
667,22
667,267
667,45
667,536
668,274
668,55
668,111
668,32
668,30
668,429
668,168
668,184
668,56
668,119
668,254
669,139
669,126
669,300
669,247
669,302
669,103
669,427
669,239
669,405
669,74
669,43
669,243
669,412
669,561
669,42
669,560
669,303
669,213
669,103
669,21
669,226
669,450
670,465
670,270
670,172
670,141
670,465
670,445
670,270
670,427
670,60
670,141
670,529
670,141
670,141
670,125
670,141
670,427
670,68
670,91
670,352
670,361
670,244
670,88
670,422
670,135
670,465
670,270
670,32
670,227
670,59
670,465
670,0
670,206
670,368
670,207
670,68
671,112
671,126
671,347
671,181
671,370
671,22
671,289
671,32
671,102
671,370
671,441
671,8
671,370
671,181
671,56
671,274
671,330
671,54
671,171
671,162
671,293
672,263
672,441
672,418
672,212
672,325
672,199
672,367
672,387
672,286
672,199
672,60
672,40
672,468
672,441
672,446
672,32
672,555
672,565
672,568
672,441
672,526
673,263
673,441
673,418
673,22
673,28
673,427
673,199
673,60
673,441
673,468
673,40
673,387
673,568
673,73
673,446
674,263
674,468
674,441
674,418
674,212
674,126
674,22
674,28
674,174
674,468
674,387
674,76
674,112
674,199
674,40
674,241
674,446
674,465
675,263
675,441
675,418
675,212
675,325
675,126
675,22
675,441
675,468
675,463
675,446
675,241
675,561
676,263
676,441
676,418
676,212
676,325
676,126
676,28
676,112
676,422
676,199
676,60
676,441
676,468
676,446
676,241
676,561
677,387
677,441
677,418
677,112
677,28
677,29
677,441
677,199
677,569
677,463
677,569
677,370
677,569
677,241
677,561
677,535
677,568
678,263
678,441
678,418
678,463
678,163
678,526
678,325
678,183
678,40
678,441
678,463
678,569
678,387
678,286
679,26
679,32
679,520
679,512
679,212
679,22
679,141
679,45
679,268
679,302
679,434
680,73
680,398
680,446
680,169
680,471
680,283
680,108
680,14
680,512
680,212
680,289
680,446
680,103
680,294
680,56
680,446
680,73
680,255
680,111
680,40
680,169
680,446
680,422
681,164
681,184
681,370
681,118
681,32
681,290
681,464
681,115
681,502
681,134
681,387
682,40
682,92
682,294
682,71
682,341
682,263
682,441
682,230
682,16
682,215
682,261
682,112
682,27
682,199
682,215
682,16
682,446
682,441
682,387
682,441
682,541
682,561
682,27
683,442
683,541
683,561
683,4
683,541
683,541
683,561
683,184
683,172
683,88
684,214
684,364
684,161
684,170
684,405
684,12
684,45
684,30
684,377
684,500
684,79
684,342
684,72
684,79
684,125
684,50
685,471
685,565
685,323
685,297
685,71
685,72
685,184
685,364
685,103
685,134
686,73
686,255
686,164
686,43
686,143
686,292
686,57
686,73
686,423
686,283
686,40
686,129
686,468
686,294
687,199
687,164
687,184
687,88
687,83
687,214
687,114
687,4
688,323
688,40
688,108
688,239
688,485
688,214
688,26
688,72
688,79
688,103
688,106
688,289
688,40
688,79
689,25
689,234
689,25
689,146
689,146
689,103
690,162
690,55
690,182
690,32
690,47
690,146
690,56
690,145
690,40
690,306
690,280
690,325
690,440
690,546
690,1
690,8
690,524
690,47
690,146
690,321
690,359
690,10
691,229
691,84
691,32
691,238
691,75
691,27
691,179
691,146
691,50
691,68
691,357
691,478
691,68
691,193
691,32
691,73
691,75
691,40
691,139
691,238
691,52
692,299
692,146
692,364
692,103
692,297
692,73
692,79
692,146
692,115
693,68
693,329
693,146
693,146
693,396
693,46
693,343
694,277
694,50
694,283
694,105
694,297
694,558
694,108
694,146
694,109
694,77
695,92
695,382
695,384
695,50
695,264
695,146
695,453
695,375
695,146
695,298
696,571
696,162
696,222
696,381
696,1
696,391
696,75
696,56
696,25
696,75
696,516
696,134
697,284
697,361
697,42
697,553
697,146
697,407
697,146
697,2
697,286
697,31
697,68
697,160
697,16
698,79
698,7
698,553
698,81
698,146
698,201
698,422
698,263
698,93
698,13
698,448
698,521
699,32
699,375
699,50
699,86
699,146
700,310
700,25
700,75
700,101
700,37
700,172
701,175
701,203
701,407
701,146
701,32
701,151
701,25
701,391
701,59
702,37
702,75
702,20
702,73
702,256
702,56
703,439
703,430
703,10
703,97
703,146
703,10
704,84
704,397
704,32
704,203
704,146
704,99
704,181
704,32
704,56
704,162
704,264
704,320
704,174
704,221
704,284
704,25
704,193
704,199
704,56
704,55
704,16
704,90
704,406
704,170
704,383
704,1
704,305
704,171
705,196
705,44
705,274
705,146
705,95
705,382
705,540
705,265
705,440
706,233
706,25
706,146
706,51
706,456
706,53
706,222
706,397
706,153
706,37
706,93
707,182
707,146
707,192
707,179
707,146
707,166
707,226
707,112
707,139
707,25
707,52
707,237
707,281
707,7
707,35
707,285
707,227
707,192
707,16
707,564
707,118
707,266
707,490
707,392
707,539
707,4
707,112
707,515
707,357
707,146
707,173
708,211
708,146
708,211
708,421
708,112
708,17
708,25
709,106
709,71
709,82
709,75
709,313
709,92
709,293
709,106
709,132
709,73
709,181
709,25
709,73
709,292
710,47
710,263
710,146
710,50
710,73
710,6
710,67
710,25
710,43
710,172
710,47
711,73
711,75
711,117
711,179
711,16
711,25
711,143
711,146
711,143
711,117
711,417
711,117
711,177
712,59
712,25
712,146
713,143
713,88
713,11
713,25
713,146
713,148
713,557
713,103
713,460
713,352
713,12
713,360
713,22
713,25
713,146
713,172
713,184
713,378
713,410
713,258
713,146
714,73
714,272
714,146
714,25
714,9
715,553
715,68
715,193
715,93
715,553
715,571
715,91
715,56
716,382
716,73
716,146
716,302
716,266
716,188
716,341
716,55
717,73
717,59
717,146
717,68
717,78
717,1
717,100
717,48
717,37
717,193
717,263
717,305
717,31
717,219
717,31
717,290
717,494
717,357
717,478
717,68
718,313
718,227
718,16
719,556
719,6
719,205
720,203
720,146
720,51
720,90
720,17
721,58
721,154
721,168
721,222
721,25
721,17
721,177
722,47
722,189
722,40
722,79
722,1
722,100
722,48
722,203
722,146
722,59
722,6
722,65
723,93
723,146
723,25
723,122
723,295
723,65
724,182
724,73
724,146
724,17
725,75
725,105
725,60
725,75
725,91
725,88
726,203
726,25
726,146
726,90
726,56
727,12
727,146
727,141
727,143
727,73
727,139
727,248
727,143
727,154
727,469
727,13
727,57
727,181
727,558
728,92
728,199
728,132
728,200
728,198
728,79
728,146
728,174
728,202
728,146
728,158
728,32
728,21
728,32
728,146
728,182
728,281
728,539
728,51
728,555
728,146
729,383
729,95
729,146
729,50
729,229
729,182
729,342
729,277
729,50
729,75
729,90
729,16
729,17
729,146
730,47
730,50
730,1
730,146
730,101
730,341
730,56
731,223
731,25
731,73
731,25
731,146
731,82
731,479
732,91
732,25
732,75
732,232
732,141
732,1
732,189
733,91
733,25
733,75
733,141
733,179
733,427
733,364
733,103
734,233
734,141
734,143
734,73
734,469
734,122
734,75
734,28
734,146
734,284
734,13
734,104
734,312
735,263
735,146
735,296
735,199
735,384
735,344
735,505
735,263
735,146
736,162
736,20
736,55
736,203
736,134
736,75
736,25
736,423
736,399
736,181
737,84
737,40
737,75
737,348
737,349
737,122
737,208
737,184
737,56
737,143
737,88
737,354
737,146
737,470
738,146
738,139
738,328
738,392
738,146
738,73
738,55
738,146
738,41
738,523
738,443
738,382
738,146
738,470
738,354
738,328
739,25
739,73
739,43
739,391
739,204
739,203
740,146
740,229
740,299
740,146
740,173
740,56
740,25
740,162
740,199
741,391
741,199
741,20
741,264
741,146
741,8
741,28
741,553
741,35
741,228
741,146
741,391
741,67
741,202
742,203
742,536
742,146
742,277
742,25
743,146
743,515
743,29
743,158
743,132
743,194
743,25
743,146
743,37
743,133
743,16
743,571
743,187
743,341
743,312
744,25
744,68
745,146
745,383
745,84
745,169
745,75
745,47
746,212
746,71
746,134
746,335
746,478
746,25
746,146
747,15
747,68
747,76
747,25
747,146
748,73
748,146
748,179
748,110
748,16
748,57
748,179
748,110
748,60
748,25
748,155
748,143
748,146
748,77
748,43
748,267
748,394
749,73
749,398
749,146
749,50
749,68
749,203
749,75
749,188
749,25
749,77
750,56
750,79
750,177
750,146
750,192
750,84
750,82
750,79
750,146
750,177
751,25
751,146
751,166
751,73
751,146
751,357
751,146
751,73
751,43
751,37
751,16
751,101
751,25
751,16
751,203
751,571
752,143
752,88
752,177
752,253
752,146
753,68
753,299
753,75
753,203
754,148
754,73
754,203
754,407
754,146
754,78
754,1
754,166
755,229
755,25
755,146
756,73
756,203
756,238
756,25
756,146
757,227
757,146
757,73
757,229
757,164
757,73
757,25
757,143
757,146
757,572
758,203
758,146
758,25
758,176
758,572
758,134
758,177
758,117
758,73
758,1
758,37
758,305
758,56
758,192
758,313
758,68
758,273
759,382
759,263
759,146
759,382
759,341
759,371
759,224
759,162
759,199
759,354
759,224
759,419
760,460
760,146
760,163
760,146
760,305
760,16
760,347
760,460
760,60
760,103
760,179
760,166
761,523
761,407
761,362
761,25
761,146
761,391
762,40
762,146
762,56
762,25
762,146
762,173
762,273
763,571
763,146
763,229
763,374
763,173
763,202
763,88
763,184
763,203
763,173
763,273
763,171
763,502
763,385
763,134
764,73
764,25
764,146
764,423
764,208
764,557
765,165
765,383
765,56
765,25
765,91
765,335
765,146
765,32
765,153
766,182
766,132
766,11
766,25
766,146
766,20
766,179
766,51
766,539
766,364
766,103
766,56
766,148
767,11
767,146
767,122
767,128
767,25
767,176
767,73
768,35
768,146
768,101
768,25
768,146
768,122
768,73
768,412
768,203
768,146
768,133
768,133
768,101
768,531
769,540
769,146
769,68
769,146
769,143
769,146
769,572
769,155
769,25
769,31
769,125
770,53
770,182
770,227
770,553
770,115
770,90
770,164
770,553
770,365
770,53
770,153
771,73
771,134
771,25
771,146
771,241
771,283
771,73
771,56
771,241
771,56
771,79
771,145
772,25
773,68
773,146
773,570
773,290
773,570
773,115
773,146
773,76
773,375
773,146
774,182
774,32
774,227
774,162
774,146
774,73
774,122
774,416
775,91
775,44
775,69
775,143
775,88
775,73
775,75
775,311
775,557
776,146
776,493
776,230
776,60
776,146
776,564
776,273
777,25
777,515
777,37
777,25
777,192
777,553
777,228
777,357
777,290
778,25
778,143
778,146
778,146
778,50
778,199
778,75
778,31
778,110
778,47
778,571
778,110
778,203
778,110
778,154
778,31
778,299
778,68
778,146
778,73
779,475
779,86
779,146
779,353
779,103
779,88
780,146
780,8
780,159
780,141
780,146
780,558
780,143
780,572
780,155
780,176
780,25
780,105
781,326
781,162
781,55
781,84
781,82
781,203
781,146
781,25
781,496
781,515
781,366
782,199
782,227
782,271
782,32
782,109
782,471
782,72
782,146
782,25
782,143
782,146
782,155
783,25
783,143
783,146
783,572
783,393
783,79
783,146
783,272
783,73
783,79
783,141
783,146
783,173
783,248
784,134
784,387
784,146
784,364
784,103
784,56
784,143
784,88
784,25
785,47
785,181
785,25
785,146
785,502
785,543
785,543
785,528
785,68
785,82
785,386
785,75
785,543
785,25
786,154
786,407
786,146
787,115
787,146
787,226
787,8
787,25
787,155
787,143
787,146
788,327
788,293
788,73
788,177
788,145
788,25
788,75
788,148
788,47
789,471
789,146
789,391
789,25
790,25
790,227
790,271
790,238
790,146
790,284
790,127
791,530
791,146
791,40
791,143
791,146
791,25
791,146
791,50
791,68
792,266
792,571
792,189
792,8
792,179
792,263
792,146
792,391
792,266
792,571
792,68
792,108
792,146
792,391
792,31
792,222
793,25
793,500
793,143
793,88
793,347
793,467
793,247
793,199
793,93
793,75
793,436
793,473
793,143
793,88
794,306
794,79
794,187
794,181
794,146
794,213
794,55
794,182
794,325
794,117
794,283
794,146
794,50
794,77
794,306
794,94
795,56
795,212
795,168
795,458
795,426
795,139
795,186
796,267
796,458
796,162
796,55
796,228
796,91
796,32
796,267
796,458
796,426
796,55
796,56
797,103
797,458
797,426
797,55
797,182
797,32
797,73
797,458
797,22
797,212
797,184
797,55
797,56
797,103
797,458
797,263
797,199
798,394
798,47
798,103
798,458
798,263
798,345
798,192
798,182
798,32
798,191
798,458
798,426
798,22
798,459
798,328
799,162
799,55
799,212
799,193
799,458
799,426
799,424
799,186
799,55
799,56
799,479
799,458
799,88
800,138
800,187
800,458
800,246
800,212
800,32
800,22
800,260
800,182
800,32
800,501
800,91
800,458
800,79
800,180
800,73
800,555
800,458
800,22
800,187
800,76
800,164
800,12
800,22
800,555
800,32
800,184
800,56
800,12
800,199
800,187
800,76
800,183
800,80
800,12
801,336
801,164
801,458
801,22
801,184
801,440
801,283
801,212
801,267
801,458
801,22
801,333
801,531
801,330
801,336
801,28
801,458
801,284
801,31
801,226
801,273
801,458
801,435
801,326
801,273
801,194
801,206
801,284
802,103
802,458
802,212
802,15
802,458
802,426
802,398
802,186
802,103
802,56
802,143
802,88
802,143
802,189
802,479
802,458
802,88
802,103
802,458
802,263
803,55
803,278
803,458
803,458
803,195
803,187
804,426
804,212
804,458
804,573
804,186
804,56
804,143
804,88
804,28
804,458
805,458
805,89
805,28
805,458
805,278
805,310
805,426
805,20
805,143
805,278
805,164
806,92
806,162
806,187
806,91
806,168
806,458
806,117
806,233
806,269
806,32
806,184
807,458
807,458
807,187
807,278
807,32
807,3
807,286
807,8
807,458
807,60
807,426
807,76
807,212
807,32
807,22
807,458
807,60
807,433
807,203
807,483
807,8
808,92
808,229
808,89
808,478
808,365
808,458
809,360
809,45
809,458
809,573
809,426
809,143
809,88
810,462
810,164
810,458
810,574
810,0
810,458
810,4
810,115
810,134
810,458
810,573
810,11
810,22
810,134
810,109
810,171
810,11
810,433
811,71
811,132
811,426
811,458
812,458
812,68
812,299
812,22
812,267
812,458
812,207
812,92
812,121
812,293
813,123
813,147
813,125
813,187
813,80
813,458
813,426
813,143
813,51
813,17
813,153
814,343
814,458
814,573
814,426
814,187
815,196
815,458
815,88
815,182
815,32
815,134
815,149
815,163
815,458
815,13
815,88
816,221
816,563
816,330
816,494
816,267
816,229
816,60
816,68
816,390
816,56
816,458
816,91
816,11
816,458
816,574
816,426
816,56
816,267
816,563
816,22
816,221
816,563
816,330
816,91
816,458
816,267
816,68
816,76
816,13
816,221
816,563
816,330
816,388
816,94
816,11
816,458
816,574
816,277
816,312
816,458
816,574
816,426
816,302
816,162
816,95
816,221
817,115
817,314
817,56
817,313
817,102
817,458
817,573
817,274
817,316
817,272
818,84
818,191
818,458
818,13
818,138
818,126
818,458
818,426
818,573
818,575
818,181
818,271
818,191
818,13
819,387
819,22
819,272
819,512
819,427
819,302
819,518
819,192
819,75
819,145
819,323
819,465
819,458
819,22
819,45
819,399
819,27
819,186
819,103
819,41
819,20
820,575
820,91
820,342
820,314
820,509
820,381
820,184
820,458
820,573
820,575
820,360
821,458
821,148
821,426
821,335
821,458
821,8
821,111
821,248
821,53
821,447
822,470
822,354
822,84
822,389
822,458
822,573
822,365
822,311
822,248
822,274
822,138
823,134
823,446
823,560
823,566
823,465
823,566
823,38
823,119
823,401
823,458
824,480
824,342
824,277
824,50
824,278
824,458
824,103
825,143
825,88
825,379
825,377
825,27
825,56
825,283
825,32
825,293
825,84
825,73
825,446
825,145
825,124
825,87
825,267
825,12
825,531
825,45
825,458
825,27
825,278
826,132
826,11
826,458
826,22
826,458
826,195
826,274
826,138
826,56
826,130
826,200
826,136
826,56
826,158
826,21
826,454
826,285
826,186
827,144
827,491
827,176
827,458
827,94
827,244
827,454
827,285
827,544
827,399
827,285
827,13
827,164
827,168
827,458
827,237
827,538
828,402
828,229
828,56
828,132
828,22
828,267
828,458
828,324
828,68
829,209
829,458
829,59
829,117
830,40
830,125
830,88
830,52
830,125
830,458
830,145
830,512
830,323
830,132
830,445
830,399
830,125
830,98
831,33
831,494
831,401
831,143
831,88
831,31
831,143
831,88
831,162
831,68
831,453
831,56
831,341
831,88
831,76
831,56
831,143
831,377
831,76
831,164
831,458
831,176
831,458
831,26
832,132
832,128
832,458
832,426
832,136
832,137
832,138
832,448
832,56
832,158
832,458
832,21
832,454
832,285
832,542
832,132
832,133
832,128
832,171
832,517
833,84
833,73
833,371
833,73
833,255
833,56
833,31
833,68
833,60
833,143
833,77
834,56
834,143
834,88
834,462
834,537
834,462
834,458
834,426
834,458
834,199
835,132
835,458
835,248
836,521
836,184
836,448
836,115
836,369
836,88
836,125
836,20
836,363
836,125
836,30
836,168
836,458
836,426
836,164
836,184
836,267
836,263
836,52
836,88
836,11
836,97
836,184
836,273
836,171
836,39
836,12
836,94
836,143
836,218
836,361
836,125
836,98
836,410
836,186
836,147
836,438
836,115
836,563
836,5
836,125
836,4
836,102
836,134
836,83
836,135
836,177
836,129
836,290
836,353
836,235
836,128
836,82
836,408
836,97
836,184
836,174
836,97
836,184
836,171
836,125
836,42
836,31
836,70
836,192
836,97
836,245
836,208
836,73
836,131
836,39
836,97
836,135
836,147
836,131
836,478
836,145
836,290
836,73
836,245
836,171
836,52
836,135
836,306
836,17
836,77
836,83
836,147
836,306
836,73
836,245
836,97
836,533
836,12
836,84
836,102
836,73
836,245
836,43
836,290
836,73
836,314
836,56
836,143
836,73
836,171
836,56
836,17
836,123
836,73
836,245
836,17
836,75
836,125
836,290
836,203
836,97
836,193
836,102
836,141
836,224
836,234
836,352
836,174
836,462
836,184
836,234
836,234
837,458
837,26
837,132
837,84
837,5
837,573
837,509
837,102
837,458
837,426
837,32
837,314
837,573
837,56
837,458
838,103
838,12
838,132
838,17
838,186
838,364
838,103
838,20
838,17
838,469
838,458
838,426
838,267
838,181
838,88
838,179
838,186
838,364
838,103
838,117
838,109
838,184
838,177
838,12
838,20
838,469
838,17
839,212
839,458
839,244
839,544
839,68
839,114
839,46
839,143
839,88
839,293
839,60
839,426
839,189
839,385
839,117
839,453
839,458
839,189
839,434
839,500
839,38
840,345
840,130
840,458
840,195
840,246
840,488
840,345
840,206
840,259
840,40
840,125
840,432
840,408
840,312
840,458
840,426
840,174
840,432
841,57
841,212
841,44
841,88
841,18
841,45
841,60
841,458
841,426
841,575
841,52
841,49
841,124
841,446
842,68
842,184
842,256
842,176
842,458
842,184
842,37
842,1
843,79
843,274
843,73
843,255
843,332
843,479
843,382
843,492
843,73
843,256
843,328
843,151
843,162
843,187
843,492
843,29
843,256
843,1
843,553
843,458
843,124
844,458
844,212
844,267
844,458
844,426
845,207
845,145
845,117
845,161
845,143
845,88
845,76
845,260
845,143
845,73
846,211
846,88
846,73
846,267
846,458
846,269
846,446
846,240
846,401
847,143
847,88
847,26
847,73
847,103
847,313
848,56
848,176
848,458
848,139
848,244
848,454
848,285
848,310
848,555
848,120
848,278
848,421
848,95
848,45
848,268
848,458
848,573
848,39
848,143
848,88
849,458
849,426
849,103
849,68
850,458
850,426
851,484
851,196
851,387
851,559
851,212
851,22
851,161
851,378
851,464
851,29
851,22
851,212
851,60
851,278
851,199
851,458
851,426
852,462
852,566
852,323
852,145
852,88
852,75
852,22
852,479
852,480
852,387
852,56
852,25
852,458
852,110
852,143
852,88
852,176
852,88
852,77
852,450
853,73
853,441
853,446
853,487
853,446
853,446
853,435
853,550
853,199
853,212
853,177
853,25
853,143
853,446
853,441
853,55
854,134
854,458
854,426
854,186
855,458
855,426
855,143
855,88
855,458
855,110
856,165
856,143
856,88
856,164
856,458
856,426
856,369
856,92
856,444
857,227
857,8
857,56
858,129
858,290
858,88
858,132
858,386
858,461
858,319
858,184
858,461
858,88
858,55
858,351
858,26
858,16
858,461
858,351
858,317
858,27
858,538
858,261
859,91
859,434
859,458
859,426
859,408
859,105
859,56
859,143
859,88
859,40
859,184
860,91
860,168
860,458
860,426
860,378
860,533
860,95
860,221
860,94
860,17
860,177
860,25
861,128
861,267
861,458
861,56
861,143
861,458
861,143
862,223
862,44
862,278
863,212
863,168
863,12
863,97
863,353
863,146
863,398
863,186
863,432
863,226
863,174
863,186
863,186
863,227
864,88
864,267
864,87
864,103
864,88
864,570
864,452
864,20
864,168
864,575
864,60
864,575
864,426
864,87
865,366
865,442
865,143
865,88
865,164
865,451
865,570
865,189
865,163
865,244
865,189
866,118
866,308
866,32
866,335
866,17
866,212
866,76
866,260
866,91
866,342
866,184
866,52
866,214
867,345
867,56
867,282
867,252
867,454
867,285
867,491
867,168
867,458
867,454
867,285
867,140
867,80
867,133
867,252
867,253
867,143
867,187
867,255
868,3
868,4
868,115
868,143
868,459
868,88
868,143
868,459
868,88
868,430
869,132
869,13
869,140
869,94
869,56
869,278
869,176
869,73
869,12
869,341
869,176
870,162
870,410
870,441
870,46
871,162
871,218
871,441
871,46
872,525
872,244
872,454
872,285
873,144
873,443
873,164
873,575
873,458
873,59
873,574
873,426
874,134
874,184
874,250
874,541
874,405
874,512
874,56
874,28
875,40
875,502
875,463
875,219
875,44
875,168
875,458
875,184
876,21
876,458
876,181
876,145
876,463
876,565
876,203
876,463
876,464
876,488
877,463
877,565
877,278
877,55
878,385
878,117
878,458
878,115
878,115
879,458
879,22
879,431
879,143
879,88
880,143
880,88
880,182
880,32
880,8
880,568
880,40
880,100
880,48
880,267
880,553
880,499
880,91
880,181
880,8
880,134
880,362
880,125
880,317
880,125
880,132
881,186
881,458
881,426
881,186
881,172
881,186
881,429
881,91
882,458
882,518
882,13
882,278
882,458